"","V1"
"1",0.5
"2",0.5
"3",0.5
"4",0.503649635036496
"5",0.514619883040936
"6",0.517073170731707
"7",0.518828451882845
"8",0.52014652014652
"9",0.517915309446254
"10",0.519061583577713
"11",0.518617021276596
"12",0.518248175182482
"13",0.517937219730942
"14",0.515592515592516
"15",0.511627906976744
"16",0.508166969147005
"17",0.506825938566553
"18",0.508856682769726
"19",0.507621951219512
"20",0.503617945007236
"21",0.5
"22",0.495400788436268
"23",0.491206030150754
"24",0.489746682750302
"25",0.490150637311703
"26",0.487723214285714
"27",0.489247311827957
"28",0.489626556016597
"29",0.488465396188566
"30",0.487852283770651
"31",0.487276154571159
"32",0.485818847209515
"33",0.484014209591474
"34",0.481896551724138
"35",0.481171548117155
"36",0.48130081300813
"37",0.482213438735178
"38",0.483076923076923
"39",0.484257871064468
"40",0.485380116959064
"41",0.485734664764622
"42",0.486072423398329
"43",0.485714285714286
"44",0.485714285714286
"45",0.485714285714286
"46",0.486984126984127
"47",0.488819875776398
"48",0.490577507598784
"49",0.492261904761905
"50",0.493877551020408
"51",0.493142857142857
"52",0.493281075027996
"53",0.493135639758375
"54",0.493800539083558
"55",0.495500264690312
"56",0.497139885595424
"57",0.499233520694941
"58",0.502260170768458
"59",0.504940711462451
"60",0.507774538386783
"61",0.510760401721664
"62",0.513411764705882
"63",0.516203703703704
"64",0.518451025056948
"65",0.521095152603232
"66",0.52343059239611
"67",0.52590335219852
"68",0.526360908701243
"69",0.526382439848037
"70",0.526403326403326
"71",0.525604260548955
"72",0.524828421477594
"73",0.525288729589805
"74",0.52573673870334
"75",0.526172935246219
"76",0.526597780329124
"77",0.527011711371364
"78",0.527415143603133
"79",0.52744014732965
"80",0.528192069843579
"81",0.528206970894718
"82",0.528409090909091
"83",0.528421052631579
"84",0.528085991678225
"85",0.527939664038396
"86",0.527956624872924
"87",0.527303182579565
"88",0.527483443708609
"89",0.527832351015062
"90",0.528497409326425
"91",0.52914798206278
"92",0.5297845373891
"93",0.530573847601129
"94",0.531346989447548
"95",0.531633906633907
"96",0.53236098450319
"97",0.532330827067669
"98",0.531845238095238
"99",0.531682876510463
"100",0.531231757151197
"101",0.53150289017341
"102",0.531634697967363
"103",0.532047646057856
"104",0.533014891823546
"105",0.533537433899249
"106",0.534601599117728
"107",0.534953577280175
"108",0.535298890992697
"109",0.535369774919614
"110",0.535297239915074
"111",0.535366815671838
"112",0.535174570088588
"113",0.534469403563129
"114",0.533776867963152
"115",0.533096626933807
"116",0.532176973353444
"117",0.530658025922233
"118",0.529164607019278
"119",0.527696078431373
"120",0.526737967914438
"121",0.52579556412729
"122",0.524868483978957
"123",0.524430740037951
"124",0.524
"125",0.523809523809524
"126",0.524085224641038
"127",0.524816176470588
"128",0.52530779753762
"129",0.525113122171946
"130",0.524803591470258
"131",0.52506126085988
"132",0.525536148573955
"133",0.526003949967084
"134",0.526682639947724
"135",0.527351351351351
"136",0.527795664305645
"137",0.527907967618236
"138",0.527807147388454
"139",0.527608650010498
"140",0.527204502814259
"141",0.526708074534161
"142",0.526521381578947
"143",0.52613311555737
"144",0.526358475263585
"145",0.526273404469499
"146",0.526189524190324
"147",0.526106809608894
"148",0.525828075709779
"149",0.525357352653221
"150",0.525189651818712
"151",0.524536321483771
"152",0.523800383877159
"153",0.523364485981308
"154",0.523213947318552
"155",0.522688759179062
"156",0.522357343311506
"157",0.522030117122142
"158",0.521707001662664
"159",0.521300036724201
"160",0.520897974082862
"161",0.520493289807762
"162",0.519740400216333
"163",0.519175627240143
"164",0.518261179404953
"165",0.517351274787535
"166",0.516628541263417
"167",0.515914655473942
"168",0.515472878998609
"169",0.515036294503975
"170",0.51468819790414
"171",0.514344262295082
"172",0.514174163978951
"173",0.514174822814715
"174",0.514175473913773
"175",0.513761467889908
"176",0.513020401393266
"177",0.512537116463213
"178",0.512059064807219
"179",0.511502692119432
"180",0.5109524582184
"181",0.510085525254155
"182",0.509388541165142
"183",0.508699122106943
"184",0.508175900936657
"185",0.507816200852676
"186",0.507774462070049
"187",0.50796875
"188",0.508316493082543
"189",0.508815341787813
"190",0.509001384828435
"191",0.508801469462728
"192",0.508526187576127
"193",0.508330808845804
"194",0.508063300678222
"195",0.508095952023988
"196",0.508054892601432
"197",0.508011869436202
"198",0.507969303423849
"199",0.508073987081621
"200",0.508031542056075
"201",0.507699012202208
"202",0.507514450867052
"203",0.507331799884991
"204",0.507080532112716
"205",0.506974096214062
"206",0.506798866855524
"207",0.506625317169439
"208",0.506734006734007
"209",0.506560580681184
"210",0.50625
"211",0.505942509673853
"212",0.505775577557756
"213",0.505953195565896
"214",0.506129120130755
"215",0.50616781889657
"216",0.506341068537507
"217",0.506512689673694
"218",0.506415396952686
"219",0.506319010243448
"220",0.506091101694915
"221",0.505865295900883
"222",0.505903962214642
"223",0.505811675590963
"224",0.505720228809152
"225",0.50562961045684
"226",0.505539809327493
"227",0.505322559958959
"228",0.50523493360572
"229",0.505083884087443
"230",0.505251170441605
"231",0.50554295792391
"232",0.505643340857788
"233",0.505742821473159
"234",0.50584141188168
"235",0.505815392229646
"236",0.506098312184305
"237",0.506256133464181
"238",0.506656895077562
"239",0.507054244709316
"240",0.50744822574785
"241",0.507718282682103
"242",0.50792697573865
"243",0.507775119617225
"244",0.507624493685966
"245",0.507237778832463
"246",0.506735996218388
"247",0.506238229755179
"248",0.505744431418523
"249",0.50513778608127
"250",0.50453593859037
"251",0.504170528266914
"252",0.503865235952463
"253",0.503562399448403
"254",0.503547722590982
"255",0.503533166172783
"256",0.503632236095346
"257",0.503843545105132
"258",0.504053141184418
"259",0.504261045077372
"260",0.504411928962359
"261",0.504616753810213
"262",0.504821012966862
"263",0.505078383749172
"264",0.505223798526339
"265",0.505258545135846
"266",0.50529302630143
"267",0.505327245053272
"268",0.505361204375609
"269",0.505287009063444
"270",0.505105879823713
"271",0.504711929749411
"272",0.504268032437047
"273",0.50388091440723
"274",0.503602458147913
"275",0.503114771407454
"276",0.502420033670034
"277",0.501887188089746
"278",0.501253656498119
"279",0.500572499219319
"280",0.50010371292263
"281",0.499741655471737
"282",0.499742612992896
"283",0.499897414854329
"284",0.5
"285",0.500254608412262
"286",0.500355149670218
"287",0.500454959053685
"288",0.500604473100947
"289",0.500702670146557
"290",0.500800160032006
"291",0.500996611520829
"292",0.501191658391261
"293",0.501484266772214
"294",0.501478998225202
"295",0.501326520585634
"296",0.501028101439342
"297",0.500780640124902
"298",0.500534863366722
"299",0.50024227153794
"300",0.500144857556736
"301",0.500144355692426
"302",0.500047952431188
"303",0.49995221255854
"304",0.499857129250405
"305",0.499857617465591
"306",0.499858102355501
"307",0.499952861317998
"308",0.500046979235178
"309",0.500327746043637
"310",0.500513299113392
"311",0.500744186046512
"312",0.500973574408901
"313",0.501247574161353
"314",0.501611863313991
"315",0.501881942531901
"316",0.502241742153902
"317",0.50250797993616
"318",0.502681574402327
"319",0.502854036422941
"320",0.502935067280773
"321",0.502925555855613
"322",0.502916105877075
"323",0.50281727931312
"324",0.502540786306499
"325",0.50217719719186
"326",0.501815927008592
"327",0.501456953642384
"328",0.501276296100695
"329",0.501184522242695
"330",0.501093326336045
"331",0.501002702938356
"332",0.500738809213386
"333",0.500389914218872
"334",0.4999568109182
"335",0.499526392835615
"336",0.49927032363293
"337",0.499015832263586
"338",0.498762904189062
"339",0.498681636471889
"340",0.498558344640434
"341",0.498477929984779
"342",0.498398246501433
"343",0.498360931327225
"344",0.498240026818639
"345",0.498119829531211
"346",0.498083652724546
"347",0.498089383618541
"348",0.498012257743913
"349",0.498018166804294
"350",0.498106372468302
"351",0.497947791824003
"352",0.497708299230643
"353",0.497470213807736
"354",0.497152156224573
"355",0.496835956514684
"356",0.496602491506229
"357",0.496491086553198
"358",0.496541184041184
"359",0.496751423758723
"360",0.496960486322188
"361",0.496969213590684
"362",0.496898361698743
"363",0.496907216494845
"364",0.496916020876166
"365",0.496924775272039
"366",0.496933480106935
"367",0.496863729026188
"368",0.496716184519156
"369",0.496569468267581
"370",0.496345824910589
"371",0.496123429989146
"372",0.495863295445759
"373",0.495566350528183
"374",0.495501730103806
"375",0.495514147688061
"376",0.495373556626137
"377",0.495538778311599
"378",0.495626378641515
"379",0.495637660268568
"380",0.495648883844117
"381",0.49550909502604
"382",0.495370021832417
"383",0.495231658782008
"384",0.495094000449405
"385",0.495031751961151
"386",0.495081234163065
"387",0.494758753995985
"388",0.494437852269356
"389",0.494304733727811
"390",0.494024786072588
"391",0.493746321365509
"392",0.493542706193132
"393",0.493303081314499
"394",0.493137684333479
"395",0.492973130415787
"396",0.4928094131319
"397",0.492501630080417
"398",0.492303244923032
"399",0.492070357554787
"400",0.491874011218179
"401",0.491823267823842
"402",0.491844326799256
"403",0.491865277579563
"404",0.491957295373666
"405",0.492048842822661
"406",0.49213992352358
"407",0.49215990959175
"408",0.492109341975483
"409",0.491988756148981
"410",0.49179868218141
"411",0.491609565095791
"412",0.49156088715302
"413",0.491373312926117
"414",0.4911866759195
"415",0.491070192440814
"416",0.490954288081757
"417",0.490976718556275
"418",0.490999038065137
"419",0.490884167237834
"420",0.490701490496376
"421",0.49058791433638
"422",0.490542931011022
"423",0.490430297271617
"424",0.490453622207177
"425",0.490274213156828
"426",0.489960921708665
"427",0.489649146390644
"428",0.489405927316615
"429",0.489096989966555
"430",0.488888888888889
"431",0.488748335552597
"432",0.48867485885088
"433",0.488601722995361
"434",0.488528925619835
"435",0.488522427440633
"436",0.488450148075025
"437",0.488312541037426
"438",0.488175565018015
"439",0.488039215686275
"440",0.488033909357678
"441",0.488158750813273
"442",0.488412852969815
"443",0.488665803108808
"444",0.488852988691438
"445",0.489070862080083
"446",0.489223444637457
"447",0.489375361109328
"448",0.4895266158478
"449",0.48974113135187
"450",0.489763377766439
"451",0.489721886336155
"452",0.489649479298959
"453",0.489514034087309
"454",0.489285036980846
"455",0.48908792733695
"456",0.488922457200403
"457",0.488726998681153
"458",0.488469733049254
"459",0.488213593447133
"460",0.487989018531229
"461",0.487952182304962
"462",0.48800944333996
"463",0.488034717916925
"464",0.488028212584297
"465",0.487898246480612
"466",0.4877688089223
"467",0.487608388168009
"468",0.487357309439057
"469",0.487107245666687
"470",0.487011796344967
"471",0.486855748703873
"472",0.486851716581446
"473",0.486757380634188
"474",0.486663433559651
"475",0.486569872958258
"476",0.486507696951404
"477",0.48644578313253
"478",0.486415003606636
"479",0.486264395393474
"480",0.486174287766339
"481",0.486144290492117
"482",0.48611442193087
"483",0.486113589057389
"484",0.486053412462908
"485",0.48599348534202
"486",0.485874704491726
"487",0.485697434385137
"488",0.485520894643908
"489",0.485403817914831
"490",0.485463071512309
"491",0.485522082480257
"492",0.485639229422067
"493",0.485844110450891
"494",0.486106266713173
"495",0.486367327996287
"496",0.48668519161746
"497",0.486886192952051
"498",0.487144010146431
"499",0.487343228627316
"500",0.487599035480537
"501",0.487911080554601
"502",0.488192578192006
"503",0.488386691776522
"504",0.488552226905114
"505",0.488803001023076
"506",0.489052750992626
"507",0.489244877165176
"508",0.489436221895831
"509",0.489683166084113
"510",0.489929109935861
"511",0.490201583469033
"512",0.490529029365613
"513",0.490826714397584
"514",0.491012615831193
"515",0.491197771587744
"516",0.491326587345713
"517",0.491288425258018
"518",0.491305792446561
"519",0.49126782358793
"520",0.491285162713734
"521",0.491302433116812
"522",0.491264696187232
"523",0.491227108235552
"524",0.491134945824669
"525",0.491043145821955
"526",0.491060721683201
"527",0.491078228701991
"528",0.491068034967693
"529",0.491112074571862
"530",0.491155947422513
"531",0.491307634164777
"532",0.491350972678774
"533",0.491340361445783
"534",0.491222419069093
"535",0.491051334262137
"536",0.49088088998235
"537",0.490711082639334
"538",0.490541908669473
"539",0.490373364535688
"540",0.490099272707968
"541",0.489800243734435
"542",0.489608123115977
"543",0.489469517022961
"544",0.48948948948949
"545",0.489640302902819
"546",0.489790562175214
"547",0.489992664780467
"548",0.49016839242757
"549",0.490395657166719
"550",0.490622069396686
"551",0.490639625585023
"552",0.490657116163189
"553",0.49067454149829
"554",0.490640190298893
"555",0.490528054508853
"556",0.490364798021434
"557",0.490202129301034
"558",0.489988705205873
"559",0.489852398523985
"560",0.489767727412258
"561",0.489735471351241
"562",0.489728296885355
"563",0.489721147974761
"564",0.489714024483161
"565",0.489706926275226
"566",0.48975046818849
"567",0.489743330638642
"568",0.489786654561961
"569",0.489829825798006
"570",0.489822586319546
"571",0.489765201685732
"572",0.48975810086643
"573",0.48970102989701
"574",0.489618686364544
"575",0.489511186406896
"576",0.489304546811263
"577",0.489098584554259
"578",0.488843712812376
"579",0.488589673778526
"580",0.488385885143817
"581",0.488133418858242
"582",0.487881773399015
"583",0.487630944769586
"584",0.487380928999313
"585",0.487204627904697
"586",0.487028879099364
"587",0.486902551070277
"588",0.486752866552818
"589",0.486506235385815
"590",0.486309031661884
"591",0.486185967467832
"592",0.486160259828397
"593",0.486086241107293
"594",0.48606078175581
"595",0.486035405913849
"596",0.486058271129304
"597",0.485984903120342
"598",0.485959775356406
"599",0.485886806920017
"600",0.4857662312808
"601",0.485646047289229
"602",0.485430874147551
"603",0.485239500999905
"604",0.485145220326092
"605",0.485003796507213
"606",0.484861407249467
"607",0.484743838402952
"608",0.48474400151143
"609",0.484744164112238
"610",0.484721502895617
"611",0.484723136222619
"612",0.484724764184148
"613",0.484726386806597
"614",0.48468122924365
"615",0.484636219295788
"616",0.484498111800084
"617",0.484360454291566
"618",0.484223244574562
"619",0.484179270669017
"620",0.484181759229237
"621",0.484184239733629
"622",0.484140542037952
"623",0.484096985341569
"624",0.483961526071149
"625",0.483872449917295
"626",0.483737786136979
"627",0.483740954474673
"628",0.483698385842974
"629",0.483701607012418
"630",0.483704817904189
"631",0.483662510239374
"632",0.483665773092826
"633",0.483623661767374
"634",0.483536392046741
"635",0.483358958126074
"636",0.483136936204795
"637",0.482960692390912
"638",0.482716716176073
"639",0.482430124921362
"640",0.482210956076989
"641",0.481970884658455
"642",0.481910469120343
"643",0.481894896637943
"644",0.481879374136317
"645",0.481863901375228
"646",0.481804043545879
"647",0.481655649704982
"648",0.48159631483368
"649",0.481537168885155
"650",0.481478210958541
"651",0.481375358166189
"652",0.481272831301439
"653",0.481302456387046
"654",0.481288114772079
"655",0.481317622322485
"656",0.481259567023836
"657",0.48117903930131
"658",0.481077781653296
"659",0.481063903882988
"660",0.481027513365497
"661",0.480947834389376
"662",0.480911730294232
"663",0.480919003115265
"664",0.48094867807154
"665",0.481064527260179
"666",0.481180017226529
"667",0.4812521499828
"668",0.481344725430424
"669",0.481459253225876
"670",0.481573428070025
"671",0.481729988461045
"672",0.481886067847237
"673",0.482041668441907
"674",0.482239332964649
"675",0.482436392983052
"676",0.482590440646338
"677",0.482659326699132
"678",0.482643440023678
"679",0.482627601638029
"680",0.482611811322345
"681",0.48263815817164
"682",0.482580374028157
"683",0.482606688766732
"684",0.482611246124193
"685",0.482615790134304
"686",0.482641935079584
"687",0.482668001501689
"688",0.482755748083972
"689",0.482823157544502
"690",0.482890365448505
"691",0.482957372698623
"692",0.483024180192117
"693",0.483193451027411
"694",0.483362232681034
"695",0.483551817956963
"696",0.483719590005351
"697",0.48386699001192
"698",0.484013954442848
"699",0.484078521372075
"700",0.484142898064411
"701",0.484166224001961
"702",0.484148680076707
"703",0.484090446119373
"704",0.48407306456206
"705",0.484015111508307
"706",0.483957327708595
"707",0.483818704686298
"708",0.483599595551062
"709",0.483461895723113
"710",0.483284268258257
"711",0.483227962791447
"712",0.483212031042664
"713",0.483196145352339
"714",0.483220400144341
"715",0.483284621852104
"716",0.483308679486667
"717",0.483292746217414
"718",0.483236994219653
"719",0.48314159468174
"720",0.483046468179831
"721",0.482951613543445
"722",0.482857029608784
"723",0.482802295665941
"724",0.482866289869966
"725",0.482851166278565
"726",0.482836085602806
"727",0.482860403793931
"728",0.482845352721556
"729",0.482712609395236
"730",0.482619430183799
"731",0.482506261740764
"732",0.482334088954897
"733",0.482123341139735
"734",0.481952132221096
"735",0.481857821381297
"736",0.481763745236799
"737",0.481690031455089
"738",0.481559045956952
"739",0.481369587109768
"740",0.481278044251895
"741",0.48122537278838
"742",0.481211419753086
"743",0.481197503275025
"744",0.481165108315056
"745",0.481152737752161
"746",0.481140401366026
"747",0.481089780434533
"748",0.48103929897065
"749",0.48102716955176
"750",0.4809769128029
"751",0.480926793948401
"752",0.480876812421509
"753",0.480750959601718
"754",0.480567785031122
"755",0.480347193268393
"756",0.480165038988568
"757",0.480039316497807
"758",0.479913916786227
"759",0.479864253393665
"760",0.479777058070347
"761",0.479690085752971
"762",0.479603335587108
"763",0.479666866746699
"764",0.479805170475834
"765",0.480017961383026
"766",0.480230211525525
"767",0.480404598387578
"768",0.480615820472676
"769",0.480826507818317
"770",0.480981595092025
"771",0.48113627924248
"772",0.481290561839421
"773",0.481481481481481
"774",0.481671906787498
"775",0.481898780938308
"776",0.482051282051282
"777",0.482203389830508
"778",0.482318307267709
"779",0.482396177875781
"780",0.482437144430171
"781",0.482478005865103
"782",0.48251876258466
"783",0.482559414990859
"784",0.482636479824722
"785",0.482749817651349
"786",0.482862866508833
"787",0.4830308100833
"788",0.483198314382243
"789",0.483365381126873
"790",0.483532012029421
"791",0.483698208793197
"792",0.483863973112645
"793",0.483974590341442
"794",0.484175618196237
"795",0.484376124991
"796",0.484576112748975
"797",0.484775583482944
"798",0.484938678906978
"799",0.485065539717785
"800",0.485173659548592
"801",0.485352957987997
"802",0.485513451794762
"803",0.485674577720761
"804",0.485835290768026
"805",0.485995592521504
"806",0.486190983315584
"807",0.486421328795292
"808",0.486651087033496
"809",0.486774170733432
"810",0.486826305008123
"811",0.486895481322092
"812",0.48691210146204
"813",0.486962947323973
"814",0.487031700288184
"815",0.487065183053108
"816",0.487098583648857
"817",0.487131902377534
"818",0.487217151050957
"819",0.487267265169246
"820",0.487317260388682
"821",0.487385001393922
"822",0.487417771744805
"823",0.487397879367287
"824",0.487361111111111
"825",0.487289752037455
"826",0.487183927952892
"827",0.487112956235945
"828",0.487058986143267
"829",0.48703965761226
"830",0.487020374392388
"831",0.487018800358102
"832",0.487068372540927
"833",0.487134563193514
"834",0.487200603939332
"835",0.487266495287061
"836",0.487298000547795
"837",0.487346966691745
"838",0.487360797977728
"839",0.487340476352965
"840",0.487320199059241
"841",0.487368062648962
"842",0.487331224704962
"843",0.48731102429081
"844",0.487324804018054
"845",0.487305515067286
"846",0.487286270526494
"847",0.487249729437229
"848",0.487213269821966
"849",0.487177756782292
"850",0.487142327525193
"851",0.487207971453578
"852",0.487206213644464
"853",0.487203600456774
"854",0.487133894722716
"855",0.487081532120237
"856",0.487062761506276
"857",0.487061183550652
"858",0.487109270638525
"859",0.487157248649009
"860",0.487205117952819
"861",0.487220447284345
"862",0.487234891297121
"863",0.487282507637136
"864",0.487296849087894
"865",0.487278028094355
"866",0.487226156595407
"867",0.48717440169245
"868",0.487089744436373
"869",0.486989215395271
"870",0.486888918171037
"871",0.486771964461994
"872",0.486672144617913
"873",0.486703873933027
"874",0.486702738153796
"875",0.486718417346304
"876",0.486799489645696
"877",0.486815018135477
"878",0.486830510134143
"879",0.486878565607172
"880",0.486959070040051
"881",0.487039385956353
"882",0.487119514017477
"883",0.487231902397871
"884",0.487344028520499
"885",0.487423521414004
"886",0.487502829243056
"887",0.487614249265252
"888",0.48769315139198
"889",0.487739648783631
"890",0.487689485372212
"891",0.487575143858296
"892",0.487493176636804
"893",0.487443471567401
"894",0.487393881146885
"895",0.487280407026975
"896",0.48719915619906
"897",0.487086166714555
"898",0.486973436652955
"899",0.486924669533365
"900",0.486907829849512
"901",0.48689102869673
"902",0.486906008951528
"903",0.486920955008085
"904",0.486967537608868
"905",0.487045648666603
"906",0.487155180585838
"907",0.487264463592463
"908",0.487373498534002
"909",0.487419304046607
"910",0.487496461262621
"911",0.487604863794891
"912",0.487650252644133
"913",0.487758236935327
"914",0.487834664161578
"915",0.487879640924588
"916",0.487893273346455
"917",0.487906875136535
"918",0.487982792481062
"919",0.488058539623229
"920",0.488118195956454
"921",0.488162555148201
"922",0.488175780522624
"923",0.488188976377953
"924",0.488202142812906
"925",0.488245483791141
"926",0.488242746346136
"927",0.488209148712884
"928",0.488175623593254
"929",0.488142170752741
"930",0.488170322739439
"931",0.488213418569628
"932",0.488272135576569
"933",0.488330726531113
"934",0.48841982721647
"935",0.488554290610846
"936",0.488657902782024
"937",0.488730759833863
"938",0.488772957471475
"939",0.488800170664066
"940",0.488888212372138
"941",0.488976066660585
"942",0.489033355610912
"943",0.489044671036659
"944",0.489086279027466
"945",0.489097516656572
"946",0.489138984691717
"947",0.48924081237911
"948",0.489327657518945
"949",0.489444477954038
"950",0.489561052029042
"951",0.489707475622969
"952",0.489853591077173
"953",0.489999399363325
"954",0.490174901749018
"955",0.490350035962599
"956",0.490464928299853
"957",0.490579580118428
"958",0.490693992172796
"959",0.490748477975409
"960",0.490802850073041
"961",0.49079754601227
"962",0.490822003391545
"963",0.490816690442225
"964",0.490811388534275
"965",0.490835755382882
"966",0.490830444701212
"967",0.490854741328282
"968",0.490878987671111
"969",0.49090318388564
"970",0.490941815177623
"971",0.490995372417249
"972",0.491048819268594
"973",0.491160984792776
"974",0.491272919605078
"975",0.491384624416591
"976",0.491496099935488
"977",0.49154875941061
"978",0.491630574739553
"979",0.491726597672923
"980",0.491851635514019
"981",0.491976425278637
"982",0.492100967704326
"983",0.492225263525712
"984",0.492305902202054
"985",0.49234256487751
"986",0.492408186964726
"987",0.49247367963108
"988",0.492582290217895
"989",0.492719641047909
"990",0.492842476647676
"991",0.492965070927108
"992",0.493000837013306
"993",0.493036532971944
"994",0.49310096500072
"995",0.493165270943049
"996",0.493200701492108
"997",0.493236062842864
"998",0.493271355197842
"999",0.493306578758779
"1000",0.493341733726624
"1001",0.493348210454038
"1002",0.493411838682939
"1003",0.493475343365409
"1004",0.493567251461988
"1005",0.49367341122827
"1006",0.493779359430605
"1007",0.49391353811149
"1008",0.493990623668135
"1009",0.494053532400443
"1010",0.494116312700258
"1011",0.494207291165057
"1012",0.494298084269504
"1013",0.494388692579505
"1014",0.494479116658665
"1015",0.494569357068299
"1016",0.494631231857509
"1017",0.494692981221318
"1018",0.494782730980172
"1019",0.494844202185946
"1020",0.494849411962837
"1021",0.494910691753358
"1022",0.494957700711524
"1023",0.495032602916072
"1024",0.495107358532767
"1025",0.495237829232187
"1026",0.495395948434622
"1027",0.495525882976054
"1028",0.495627715272363
"1029",0.495743378588916
"1030",0.495844798354596
"1031",0.495960016659725
"1032",0.495991789409448
"1033",0.496023498766869
"1034",0.496082828115051
"1035",0.49618320610687
"1036",0.496311033739534
"1037",0.49635580586384
"1038",0.496414188779169
"1039",0.496486538620519
"1040",0.49655874903645
"1041",0.496658323936302
"1042",0.49678518437105
"1043",0.496911801037635
"1044",0.497024544083368
"1045",0.497191857757322
"1046",0.497331472206257
"1047",0.497470811801055
"1048",0.497541520979021
"1049",0.497612095079551
"1050",0.49768253448934
"1051",0.497752839593604
"1052",0.497795798410798
"1053",0.497838675475084
"1054",0.497908631647564
"1055",0.497991967871486
"1056",0.498075150463591
"1057",0.498158279616489
"1058",0.498187033228704
"1059",0.498256332621448
"1060",0.498339049882518
"1061",0.498394625367617
"1062",0.498409617769152
"1063",0.498451512132066
"1064",0.498493327593629
"1065",0.498508184823805
"1066",0.498496159836726
"1067",0.498497531659154
"1068",0.498512343528024
"1069",0.498553907128702
"1070",0.498635488013699
"1071",0.498690189788827
"1072",0.498798205319944
"1073",0.498879342547628
"1074",0.498920316707099
"1075",0.498961218836565
"1076",0.499055273172419
"1077",0.499162479061977
"1078",0.499256189565402
"1079",0.499349735913157
"1080",0.499403357110657
"1081",0.499430388130878
"1082",0.499457370496837
"1083",0.499484304339777
"1084",0.49953761196396
"1085",0.499617222354215
"1086",0.499736245186475
"1087",0.49985506100614
"1088",0.499947340705635
"1089",0.500013153394891
"1090",0.500078851916102
"1091",0.500144436566086
"1092",0.500183669185558
"1093",0.50026216442953
"1094",0.500392917015926
"1095",0.500510350964432
"1096",0.500627582239423
"1097",0.500783821915661
"1098",0.500926723575326
"1099",0.501121544079291
"1100",0.501329024860583
"1101",0.50153613830452
"1102",0.501768898600489
"1103",0.501923276847905
"1104",0.5020904204212
"1105",0.50224424668552
"1106",0.502462543418529
"1107",0.502654546396291
"1108",0.50282032705444
"1109",0.502985807719153
"1110",0.503125161423627
"1111",0.503238458958016
"1112",0.503377333195834
"1113",0.50354171496278
"1114",0.5036800658809
"1115",0.503728273166718
"1116",0.503776396239018
"1117",0.50378603146898
"1118",0.503782730233632
"1119",0.503779434750301
"1120",0.503776145003968
"1121",0.503798439698171
"1122",0.503871808632983
"1123",0.503893981564232
"1124",0.503903459536687
"1125",0.503963904254506
"1126",0.504024247363863
"1127",0.504059040590406
"1128",0.504081165611412
"1129",0.504128661805432
"1130",0.504163493272404
"1131",0.504198269957637
"1132",0.504232991990267
"1133",0.504267659499025
"1134",0.504327580098193
"1135",0.504412694398786
"1136",0.504484928114814
"1137",0.504544306993184
"1138",0.504603587014101
"1139",0.504662768424236
"1140",0.504696668261603
"1141",0.504679951690821
"1142",0.504663264536565
"1143",0.50469684030743
"1144",0.504655072900198
"1145",0.504638684118148
"1146",0.504634965175127
"1147",0.504656285986081
"1148",0.504639935966382
"1149",0.504623612916125
"1150",0.504607316768635
"1151",0.504603637996856
"1152",0.504624897155252
"1153",0.504646122418475
"1154",0.50469220620815
"1155",0.504750534746058
"1156",0.504796222664016
"1157",0.504866663356011
"1158",0.504912176242929
"1159",0.504957612413862
"1160",0.504990712074303
"1161",0.505036006830162
"1162",0.505031773112776
"1163",0.505040023717759
"1164",0.505035793631202
"1165",0.505006906077348
"1166",0.504978066932821
"1167",0.504936842882821
"1168",0.504920291281244
"1169",0.50490376815869
"1170",0.504911832604745
"1171",0.504858657243816
"1172",0.50480557053891
"1173",0.504777070063694
"1174",0.504675184804426
"1175",0.504671297202113
"1176",0.504642979326524
"1177",0.504614708467624
"1178",0.50461088070261
"1179",0.504607059282371
"1180",0.504603244191144
"1181",0.504599435413219
"1182",0.504619948451101
"1183",0.504604096309434
"1184",0.504588269566906
"1185",0.504620982413584
"1186",0.50460516748267
"1187",0.504565159477852
"1188",0.504549414383893
"1189",0.504557874120463
"1190",0.504566320367238
"1191",0.504598894334066
"1192",0.50461946689181
"1193",0.50464000771326
"1194",0.504660516871794
"1195",0.504680994440567
"1196",0.504737398999615
"1197",0.504805612955933
"1198",0.504897723998848
"1199",0.504989684786259
"1200",0.505057526366251
"1201",0.505125257460363
"1202",0.505192878338279
"1203",0.505260389268806
"1204",0.505327790519878
"1205",0.505418954404392
"1206",0.505450468716456
"1207",0.505434264467537
"1208",0.505418085689109
"1209",0.505378135262482
"1210",0.505314469147545
"1211",0.505262657701537
"1212",0.505187189896256
"1213",0.505088122968902
"1214",0.505012917446849
"1215",0.5049378330373
"1216",0.504839205849641
"1217",0.504740737237841
"1218",0.50466605240154
"1219",0.504591487453082
"1220",0.504493454416794
"1221",0.504348440924839
"1222",0.504203659656642
"1223",0.504082641127609
"1224",0.503985328348734
"1225",0.503864677551979
"1226",0.503744219347872
"1227",0.503623953275632
"1228",0.503503878875946
"1229",0.503383995690967
"1230",0.503264303264303
"1231",0.503168182562136
"1232",0.503095577412798
"1233",0.5030230875178
"1234",0.502950712602925
"1235",0.502878452394826
"1236",0.502829595472647
"1237",0.502780815861122
"1238",0.502708861348153
"1239",0.502637020515323
"1240",0.502542077771329
"1241",0.502400890765269
"1242",0.502283105022831
"1243",0.502165504782639
"1244",0.502071231862257
"1245",0.502000231240606
"1246",0.501952448069503
"1247",0.501927827672985
"1248",0.501926315546635
"1249",0.501924805790553
"1250",0.501946331912933
"1251",0.501967824345785
"1252",0.501977829906628
"1253",0.502010800873262
"1254",0.5020666850372
"1255",0.502122484568964
"1256",0.502155271243179
"1257",0.502210919421724
"1258",0.50224358974359
"1259",0.502276210738224
"1260",0.502331641750103
"1261",0.502341305191987
"1262",0.502373778873368
"1263",0.502406203672026
"1264",0.502438579698254
"1265",0.502470907062012
"1266",0.502503185872929
"1267",0.502535416240307
"1268",0.50256759827312
"1269",0.502554321912676
"1270",0.502518377348217
"1271",0.502482486567367
"1272",0.502469303611073
"1273",0.502444766388989
"1274",0.502409011739691
"1275",0.502361955563592
"1276",0.502314971655713
"1277",0.50224549209
"1278",0.502221219979705
"1279",0.502242051420717
"1280",0.502262850967059
"1281",0.502283618691925
"1282",0.502315647482014
"1283",0.502347628782603
"1284",0.502402011403942
"1285",0.502456313510846
"1286",0.502488119788398
"1287",0.502542277970657
"1288",0.502607605703158
"1289",0.502683963319168
"1290",0.50276020830074
"1291",0.502836340896909
"1292",0.502912361355978
"1293",0.502977053274759
"1294",0.502997080910043
"1295",0.503005878161738
"1296",0.503014795861609
"1297",0.503023700475788
"1298",0.503032592033059
"1299",0.503041470562117
"1300",0.503050336091577
"1301",0.503081356683662
"1302",0.503134483751634
"1303",0.503165397556225
"1304",0.503185276942134
"1305",0.503194005437546
"1306",0.503202721208641
"1307",0.503167280994107
"1308",0.503131892368769
"1309",0.503096555220065
"1310",0.503028167463166
"1311",0.502970819946305
"1312",0.502891571563648
"1313",0.502790472842327
"1314",0.502711484839836
"1315",0.502632618138739
"1316",0.502586811645037
"1317",0.502541073384447
"1318",0.502495403204623
"1319",0.502449800953673
"1320",0.502426123448155
"1321",0.502424321845105
"1322",0.502422522915757
"1323",0.502442535002399
"1324",0.502484309623431
"1325",0.502547798440834
"1326",0.502611193315345
"1327",0.502652750597956
"1328",0.502650790891709
"1329",0.502637920927506
"1330",0.502603375710505
"1331",0.502514741588623
"1332",0.502447900870846
"1333",0.50235951164603
"1334",0.502271252433485
"1335",0.502183122946568
"1336",0.502095122899477
"1337",0.502039583018583
"1338",0.501962560386473
"1339",0.501885653944788
"1340",0.501819669659969
"1341",0.501753781928515
"1342",0.501687990538652
"1343",0.501600807924536
"1344",0.50151375260344
"1345",0.501426824296779
"1346",0.501361463090414
"1347",0.501296197107659
"1348",0.501231026140572
"1349",0.501187343559463
"1350",0.501133011244602
"1351",0.501057398585863
"1352",0.50104593579235
"1353",0.501013160420621
"1354",0.500980433948591
"1355",0.500926458373267
"1356",0.500915127266536
"1357",0.50094634540544
"1358",0.500977517106549
"1359",0.501051111630179
"1360",0.501145815650993
"1361",0.501187396632882
"1362",0.50122891770489
"1363",0.501259819178894
"1364",0.501290677499894
"1365",0.501332036535859
"1366",0.501394464398901
"1367",0.501435689553247
"1368",0.501476855563526
"1369",0.501517962556924
"1370",0.501516875237012
"1371",0.501452631578947
"1372",0.501399028043675
"1373",0.501334959110308
"1374",0.501260451241545
"1375",0.501186052858072
"1376",0.501111763718745
"1377",0.501058544867629
"1378",0.500984458129111
"1379",0.500920964501005
"1380",0.500847085398758
"1381",0.500773314383648
"1382",0.500699651218646
"1383",0.500646965522999
"1384",0.500625651720542
"1385",0.500625208402801
"1386",0.50063516524709
"1387",0.500645107587298
"1388",0.500655035455094
"1389",0.500664948882055
"1390",0.500695612450425
"1391",0.500726231481097
"1392",0.500767189184706
"1393",0.500787368944511
"1394",0.500786814643035
"1395",0.500786261121457
"1396",0.500754709178504
"1397",0.500723200264485
"1398",0.500671085506618
"1399",0.500608711800755
"1400",0.500505185887787
"1401",0.500401805031835
"1402",0.500298568928241
"1403",0.500195477273195
"1404",0.500082250370127
"1405",0.500010274324463
"1406",0.499917861103125
"1407",0.499856357219076
"1408",0.499835951277529
"1409",0.499815573770492
"1410",0.499805467390191
"1411",0.499795375485983
"1412",0.499785298026787
"1413",0.49985696771557
"1414",0.49992853496682
"1415",0.5
"1416",0.500071363033948
"1417",0.50018337408313
"1418",0.500295225491194
"1419",0.500427263479145
"1420",0.500548959011061
"1421",0.500670459162942
"1422",0.500741041518628
"1423",0.500821684351478
"1424",0.500831272048984
"1425",0.50083069940838
"1426",0.500830127556186
"1427",0.500809323405633
"1428",0.500758203764734
"1429",0.500727360892229
"1430",0.50073694199358
"1431",0.500746509563393
"1432",0.500745967741935
"1433",0.500725280038682
"1434",0.50072475438879
"1435",0.500704112014163
"1436",0.50068349951753
"1437",0.5006729745475
"1438",0.500642389689645
"1439",0.500611847780297
"1440",0.500581348729051
"1441",0.500570924898335
"1442",0.500580534091364
"1443",0.500590129828562
"1444",0.500639692947385
"1445",0.500669210331808
"1446",0.500698686469437
"1447",0.500728121446668
"1448",0.500777449964118
"1449",0.500866551126516
"1450",0.500935621292352
"1451",0.500984702301617
"1452",0.501073473282443
"1453",0.501152165276122
"1454",0.501250595521677
"1455",0.501338993473647
"1456",0.501427268762637
"1457",0.501495612210535
"1458",0.501563860954945
"1459",0.501632015192578
"1460",0.501690224374815
"1461",0.50175826780987
"1462",0.50180647963515
"1463",0.501834898587325
"1464",0.501863280556815
"1465",0.501871921182266
"1466",0.501880550577949
"1467",0.501928526448363
"1468",0.501956773977856
"1469",0.501984984866947
"1470",0.50204257993558
"1471",0.502080471050049
"1472",0.502118311627177
"1473",0.502195303618331
"1474",0.502272193058058
"1475",0.502358721396833
"1476",0.502464692304683
"1477",0.502570518208652
"1478",0.502676199406157
"1479",0.502762215238058
"1480",0.502857923177464
"1481",0.502934009162686
"1482",0.503019676602377
"1483",0.503085758785165
"1484",0.503132295719844
"1485",0.503207869974337
"1486",0.503302766552689
"1487",0.503378116020812
"1488",0.503433959335713
"1489",0.503509112058938
"1490",0.50356492424536
"1491",0.503601161665053
"1492",0.503637348605038
"1493",0.50367348517072
"1494",0.503709571467213
"1495",0.503745607599336
"1496",0.503781593671619
"1497",0.503817529788301
"1498",0.503853416053331
"1499",0.503889252570372
"1500",0.503982760611075
"1501",0.504076139203999
"1502",0.504150174845329
"1503",0.504224108137168
"1504",0.504317126520588
"1505",0.504410016489627
"1506",0.504483617551255
"1507",0.504557117144717
"1508",0.504630515479698
"1509",0.504713463487389
"1510",0.504805763094032
"1511",0.504897935801715
"1512",0.504989981871959
"1513",0.505062832516542
"1514",0.505135583207882
"1515",0.505208234151543
"1516",0.505299815410379
"1517",0.505372254445184
"1518",0.505425590543699
"1519",0.505497844541087
"1520",0.505551021957376
"1521",0.505604126761365
"1522",0.505619255188098
"1523",0.50563436298555
"1524",0.505668376327195
"1525",0.505702343351049
"1526",0.505774064903892
"1527",0.505826801397677
"1528",0.505879466223741
"1529",0.505932059528076
"1530",0.506003430531732
"1531",0.506084237492465
"1532",0.506164937974136
"1533",0.506245532187065
"1534",0.506326020341022
"1535",0.506415675665521
"1536",0.506505209800056
"1537",0.506613384364271
"1538",0.506721412902863
"1539",0.506801319043693
"1540",0.506881120452375
"1541",0.506942105460125
"1542",0.506984311012211
"1543",0.507026461354462
"1544",0.507049881412591
"1545",0.50708247018644
"1546",0.507133665305209
"1547",0.507166154132886
"1548",0.507217224488276
"1549",0.507268226403856
"1550",0.507337760169633
"1551",0.507379456485371
"1552",0.507439674549068
"1553",0.507518378257964
"1554",0.507606114574058
"1555",0.507693733778272
"1556",0.507762709352305
"1557",0.507813078575131
"1558",0.507854274982885
"1559",0.507876927628416
"1560",0.507899550972892
"1561",0.507903678534495
"1562",0.507926255374905
"1563",0.507967245767401
"1564",0.508008183275891
"1565",0.508049068002652
"1566",0.508071492996116
"1567",0.508093889113719
"1568",0.508134639777929
"1569",0.508193709582598
"1570",0.508252703471827
"1571",0.508320948239482
"1572",0.508416458852868
"1573",0.508493522200436
"1574",0.508542860805391
"1575",0.508583141173456
"1576",0.508586791521115
"1577",0.508654566723328
"1578",0.50874052424879
"1579",0.508826375070739
"1580",0.508893875540474
"1581",0.509006709451575
"1582",0.509119399449738
"1583",0.509250154776212
"1584",0.509326151438502
"1585",0.50940205135666
"1586",0.509450421634196
"1587",0.5095532146749
"1588",0.509619573108756
"1589",0.509685844881376
"1590",0.509733903712297
"1591",0.509736789667228
"1592",0.509721568485463
"1593",0.509706366580428
"1594",0.509691183915528
"1595",0.509676020454258
"1596",0.509660876160208
"1597",0.509645750997058
"1598",0.509612610012985
"1599",0.509579510841159
"1600",0.5095464534025
"1601",0.509567440102245
"1602",0.509606389868317
"1603",0.509663268791687
"1604",0.509720076179525
"1605",0.509758856588799
"1606",0.50979758828596
"1607",0.509818338324696
"1608",0.509856984121295
"1609",0.509886803266944
"1610",0.509898686141839
"1611",0.50994633273703
"1612",0.509993921407373
"1613",0.510041452258433
"1614",0.510061960966377
"1615",0.510046753988365
"1616",0.51004939988943
"1617",0.510060774563796
"1618",0.510072134651349
"1619",0.510083480180132
"1620",0.510077022964584
"1621",0.51007057401383
"1622",0.510046367851623
"1623",0.510022192632046
"1624",0.510007097232079
"1625",0.509992020569199
"1626",0.509994683678894
"1627",0.509997343487116
"1628",0.509982300884956
"1629",0.50996727690811
"1630",0.509934594307937
"1631",0.509937284692165
"1632",0.509939971751412
"1633",0.509942655491839
"1634",0.509945335919591
"1635",0.509948013040797
"1636",0.509950686861571
"1637",0.509953357388014
"1638",0.509938434476693
"1639",0.509905950602092
"1640",0.509891075193254
"1641",0.509876218066895
"1642",0.509843832251272
"1643",0.509811486190267
"1644",0.509779179810726
"1645",0.509737985147821
"1646",0.509696842400056
"1647",0.509708228379513
"1648",0.509737081322984
"1649",0.509783368273934
"1650",0.509847056358684
"1651",0.509910664433277
"1652",0.509956755248657
"1653",0.509994249167872
"1654",0.510014281235849
"1655",0.510051694428489
"1656",0.510089062065127
"1657",0.510126384228917
"1658",0.510163661002815
"1659",0.510192387831643
"1660",0.510203727484122
"1661",0.510197710718002
"1662",0.5101832111348
"1663",0.510177213435654
"1664",0.510127765659084
"1665",0.510078377770472
"1666",0.51004634112602
"1667",0.510048905248242
"1668",0.510034195709993
"1669",0.510054024198699
"1670",0.510082279681921
"1671",0.510110500094813
"1672",0.510155913515376
"1673",0.510210055096419
"1674",0.510264131463478
"1675",0.510344115977919
"1676",0.510398047573216
"1677",0.510469090846631
"1678",0.510540048752017
"1679",0.510602525391161
"1680",0.510664929186242
"1681",0.510718508490841
"1682",0.510772023564872
"1683",0.510825474523765
"1684",0.510887600280529
"1685",0.510958388894587
"1686",0.511028720805071
"1687",0.511116043986066
"1688",0.511203262854315
"1689",0.511273322645564
"1690",0.511343298846069
"1691",0.511430226219678
"1692",0.511500025536696
"1693",0.511552727396468
"1694",0.511605366525532
"1695",0.511623954863707
"1696",0.5116425211026
"1697",0.511644091387446
"1698",0.511679587439991
"1699",0.51171504136715
"1700",0.511750453243871
"1701",0.511768889490974
"1702",0.511770380273824
"1703",0.511788782896962
"1704",0.511807163745161
"1705",0.511791735648883
"1706",0.511759442165156
"1707",0.511735425630642
"1708",0.511720067453626
"1709",0.511704727395298
"1710",0.511714473396102
"1711",0.511724207584965
"1712",0.511733929983345
"1713",0.511726827956085
"1714",0.511736537007477
"1715",0.511746234320163
"1716",0.511772702099451
"1717",0.511824494314179
"1718",0.511892988249493
"1719",0.511961401862896
"1720",0.512012992448976
"1721",0.512064522606339
"1722",0.512132715688078
"1723",0.512192268480604
"1724",0.512268452788588
"1725",0.512361238627827
"1726",0.512437229942777
"1727",0.512513130033179
"1728",0.512588939063203
"1729",0.512664657196623
"1730",0.512740284596821
"1731",0.512791084497671
"1732",0.512841825284681
"1733",0.512892507060974
"1734",0.512976338729763
"1735",0.513068153532135
"1736",0.513159858699438
"1737",0.513234879750717
"1738",0.513293246533817
"1739",0.513334988825428
"1740",0.513376681391771
"1741",0.51345139474511
"1742",0.513509493827773
"1743",0.51355100827429
"1744",0.513592473384501
"1745",0.513617393312548
"1746",0.513625797517187
"1747",0.513634191751932
"1748",0.513642576034514
"1749",0.513667407224554
"1750",0.51369220900972
"1751",0.513749856173053
"1752",0.513807435151874
"1753",0.513864946067084
"1754",0.513922389039298
"1755",0.513996162739214
"1756",0.514053460511005
"1757",0.514094311499844
"1758",0.514135114341371
"1759",0.514192229038855
"1760",0.514274035317201
"1761",0.514323065609935
"1762",0.514372039849747
"1763",0.514437280665959
"1764",0.514469820554649
"1765",0.514502323306432
"1766",0.514518494378361
"1767",0.5145509323345
"1768",0.514599609375
"1769",0.514648230988207
"1770",0.514729312306942
"1771",0.514826549679097
"1772",0.51492367651835
"1773",0.515012821761288
"1774",0.515085647547366
"1775",0.515142180863137
"1776",0.515206507121215
"1777",0.515254566653712
"1778",0.515302571738392
"1779",0.51535052246773
"1780",0.515414585253084
"1781",0.515470746958362
"1782",0.515518522107031
"1783",0.515558424790187
"1784",0.515582153111591
"1785",0.515638098923067
"1786",0.515693983435919
"1787",0.515734209424421
"1788",0.515790490293919
"1789",0.51583062518099
"1790",0.515870718765075
"1791",0.515926842595866
"1792",0.515982908728756
"1793",0.516039432277953
"1794",0.516095901402574
"1795",0.516152316181188
"1796",0.516201439771689
"1797",0.516250520850027
"1798",0.516299559471366
"1799",0.516348555690771
"1800",0.516397509563213
