"","id","x","y","alpha","major","minor","area","frame","track","pred1","pred2","quad","onpest"
"1",1,448.5,249,0,1,0,0,1,1,-999.999999999989,272,2,0
"2",1,451,244,0,0,0,0,2,1,-1119.99999999999,272,2,0
"3",1,440.5,236,0,1,0,0,4,1,-615.999999999993,272,2,0
"4",1,434.5,233,0,1,0,0,5,1,-327.999999999996,272,2,0
"5",1,431.5,235,0,1,0,0,19,1,-183.999999999996,272,2,0
"6",1,429.750061035156,237.249969482422,45,1.41421341896057,0.707106709480286,0.5,20,1,-100.002929687496,272,2,0
"7",1,432.5,238.5,90,1,1,1,21,1,-231.999999999996,272,2,0
"8",1,438.250061035156,241.249969482422,-45,1.41421341896057,0.707106709480286,0.5,22,1,-508.002929687493,272,2,0
"9",1,448.000061035156,240.999969482422,45,1.41421341896057,1.41421341896057,1,23,1,-976.002929687489,272,2,0
"10",1,452.5,245.5,90,1,1,1,24,1,-1191.99999999999,272,2,0
"11",1,457.5,253,0,1,0,0,25,1,-1431.99999999999,272,2,0
"12",1,459.5,259,0,1,0,0,26,1,-1527.99999999999,272,2,0
"13",1,461.750061035156,265.249969482422,45,1.41421341896057,0.707106709480286,0.5,27,1,-1636.00292968749,272,2,0
"14",1,462,271.5,-90,1,0,0,28,1,-1647.99999999999,272,2,0
"15",1,462,277.5,-90,1,0,0,29,1,-1647.99999999999,272,1,1
"16",1,460.5,283.5,90,1,1,1,30,1,-1575.99999999999,272,1,1
"17",1,458,290,-90,2,0,0,31,1,-1455.99999999999,272,1,1
"18",1,455,294.5,-90,1,0,0,32,1,-1311.99999999999,272,1,1
"19",1,451,299.5,-90,1,0,0,33,1,-1119.99999999999,272,1,1
"20",1,446.5,304,0,1,0,0,34,1,-903.999999999993,272,1,1
"21",1,440.5,308,0,1,0,0,35,1,-615.999999999993,272,1,1
"22",1,435.250061035156,311.249969482422,-45,1.41421341896057,0.707106709480286,0.5,36,1,-364.002929687496,272,1,1
"23",1,431.250061035156,312.249984741211,-45,1.41421341896057,0.707106709480286,0.5,37,1,-172.002929687496,272,1,1
"24",1,428.000061035156,313,45,1.41421341896057,1.41421341896057,1,38,1,-16.0029296874964,272,1,1
"25",1,423,313.5,-90,1,0,0,39,1,224,272,1,1
"26",1,416,314.5,-90,1,0,0,42,1,559.999999999996,272,3,0
"27",1,411.5,312,0,1,0,0,43,1,775.999999999996,272,3,0
"28",1,406.5,311,0,1,0,0,44,1,1015.99999999999,272,3,0
"29",1,402.5,309,0,1,0,0,45,1,1207.99999999999,272,3,0
"30",1,398.5,307,0,1,0,0,46,1,1399.99999999999,272,3,0
"31",1,393.5,303,0,1,0,0,47,1,1639.99999999999,272,3,0
"32",1,390.250030517578,299.750015258789,45,1.41421341896057,0.707106709480286,0.5,48,1,1795.99853515624,272,3,0
"33",1,385.750061035156,292.249984741211,45,1.41421341896057,0.707106709480286,0.5,49,1,2011.99707031249,272,3,0
"34",1,383.25,288.750015258789,45,1.41421341896057,0.707106709480286,0.5,50,1,2131.99999999999,272,3,0
"35",1,381.250030517578,283.749969482422,45,1.41421341896057,0.707106709480286,0.5,51,1,2227.99853515624,272,3,0
"36",1,380.249969482422,280.249984741211,-45,1.41421341896057,0.707106709480286,0.5,52,1,2276.00146484374,272,3,0
"37",1,379.750030517578,275.249969482422,45,1.41421341896057,0.707106709480286,0.5,53,1,2299.99853515624,272,3,0
"38",1,380,272,0,0,0,0,54,1,2287.99999999999,272,3,0
"39",1,380.5,267.5,90,1,1,1,55,1,2263.99999999999,272,4,1
"40",1,380.75,264.75,-45,1.41421341896057,0.707106709480286,0.5,56,1,2251.99999999999,272,4,1
"41",1,382.25,261.25,-45,1.41421341896057,0.707106709480286,0.5,57,1,2179.99999999999,272,4,1
"42",1,384.5,257,0,1,0,0,58,1,2071.99999999999,272,4,1
"43",1,385.5,253,0,1,0,0,59,1,2023.99999999999,272,4,1
"44",1,385.750061035156,253.749969482422,-45,1.41421341896057,0.707106709480286,0.5,60,1,2011.99707031249,272,4,1
"45",1,387,253.5,-90,1,0,0,61,1,1951.99999999999,272,4,1
"46",1,387,253.5,-90,1,0,0,62,1,1951.99999999999,272,4,1
"47",1,387,253.5,-90,1,0,0,63,1,1951.99999999999,272,4,1
"48",1,387,253.5,-90,1,0,0,64,1,1951.99999999999,272,4,1
"49",1,387,253.5,-90,1,0,0,65,1,1951.99999999999,272,4,1
"50",1,387,253.5,-90,1,0,0,66,1,1951.99999999999,272,4,1
"51",1,387,253.5,-90,1,0,0,67,1,1951.99999999999,272,4,1
"52",1,387,253.5,-90,1,0,0,68,1,1951.99999999999,272,4,1
"53",1,386.750030517578,253.25,45,1.41421341896057,0.707106709480286,0.5,69,1,1963.99853515624,272,4,1
"54",1,386.750030517578,253.25,45,1.41421341896057,0.707106709480286,0.5,70,1,1963.99853515624,272,4,1
"55",1,387.250061035156,252.749969482422,45,1.41421341896057,0.707106709480286,0.5,71,1,1939.99707031249,272,4,1
"56",1,391.5,250.5,90,1,1,1,72,1,1735.99999999999,272,4,1
"57",1,395,247,-90,2,0,0,73,1,1567.99999999999,272,4,1
"58",1,396,241.5,-90,1,0,0,74,1,1519.99999999999,272,4,1
"59",1,395,240.5,-90,1,0,0,75,1,1567.99999999999,272,4,1
"60",1,391,243.5,-90,1,0,0,83,1,1759.99999999999,272,4,1
"61",1,387.750061035156,249.749969482422,-45,1.41421341896057,0.707106709480286,0.5,84,1,1915.99707031249,272,4,1
"62",1,386,252,0,2,0,0,85,1,1999.99999999999,272,4,1
"63",1,385.5,253,0,1,0,0,86,1,2023.99999999999,272,4,1
"64",1,384.5,257,0,1,0,0,87,1,2071.99999999999,272,4,1
"65",1,389,268,0,2,0,0,88,1,1855.99999999999,272,4,1
"66",1,393,269,0,2,0,0,89,1,1663.99999999999,272,4,1
"67",1,400.5,269.5,90,1,1,1,90,1,1303.99999999999,272,4,1
"68",1,411.5,266.5,90,1,1,1,91,1,775.999999999996,272,4,1
"69",1,415,266.5,-90,1,0,0,92,1,607.999999999996,272,4,1
"70",1,415.5,266.5,90,1,1,1,93,1,583.999999999996,272,4,1
"71",1,424.750030517578,263.25,45,1.41421341896057,0.707106709480286,0.5,94,1,139.99853515625,272,2,0
"72",1,435.5,262.5,90,1,1,1,95,1,-375.999999999996,272,2,0
"73",1,441.5,264,0,1,0,0,96,1,-663.999999999993,272,2,0
"74",1,449,264,0,2,0,0,97,1,-1023.99999999999,272,2,0
"75",1,458.5,269.5,90,1,1,1,98,1,-1479.99999999999,272,2,0
"76",1,462.250061035156,271.749969482422,45,1.41421341896057,0.707106709480286,0.5,99,1,-1660.00292968749,272,2,0
"77",1,461.750061035156,271.749969482422,-45,1.41421341896057,0.707106709480286,0.5,100,1,-1636.00292968749,272,2,0
"78",1,461.750061035156,275.749954223633,-45,1.41421341896057,0.707106709480286,0.5,101,1,-1636.00292968749,272,1,1
"79",1,461,281.5,-90,1,0,0,102,1,-1599.99999999999,272,1,1
"80",1,459,286.5,-90,1,0,0,103,1,-1503.99999999999,272,1,1
"81",1,456.5,293,0,1,0,0,104,1,-1383.99999999999,272,1,1
"82",1,453.5,297,0,1,0,0,105,1,-1239.99999999999,272,1,1
"83",1,449,302.5,-90,1,0,0,106,1,-1023.99999999999,272,1,1
"84",1,447.250061035156,303.749969482422,45,1.41421341896057,0.707106709480286,0.5,107,1,-940.002929687489,272,1,1
"85",1,442,307.5,-90,1,0,0,108,1,-687.999999999993,272,1,1
"86",1,436,310.5,-90,1,0,0,109,1,-399.999999999996,272,1,1
"87",1,432.5,312,0,1,0,0,110,1,-231.999999999996,272,1,1
"88",1,427.5,313.5,90,1,1,1,111,1,8.00000000000364,272,1,1
"89",1,425.250061035156,313.249984741211,-45,1.41421341896057,0.707106709480286,0.5,112,1,115.9970703125,272,1,1
"90",1,422.5,314,0,1,0,0,113,1,248,272,1,1
"91",1,411.5,312,0,1,0,0,117,1,775.999999999996,272,3,0
"92",1,407,311,0,0,0,0,118,1,991.999999999996,272,3,0
"93",1,403,309.5,-90,1,0,0,119,1,1183.99999999999,272,3,0
"94",1,398.750061035156,307.249984741211,45,1.41421341896057,0.707106709480286,0.5,120,1,1387.99707031249,272,3,0
"95",1,393.750061035156,303.249984741211,45,1.41421341896057,0.707106709480286,0.5,121,1,1627.99707031249,272,3,0
"96",1,390,299,0,0,0,0,122,1,1807.99999999999,272,3,0
"97",1,390,299,0,0,0,0,123,1,1807.99999999999,272,3,0
"98",1,389,297.5,-90,1,0,0,124,1,1855.99999999999,272,3,0
"99",1,387,295.5,-90,1,0,0,125,1,1951.99999999999,272,3,0
"100",1,383,288.5,-90,1,0,0,126,1,2143.99999999999,272,3,0
"101",1,383,282.5,-90,1,0,0,127,1,2143.99999999999,272,3,0
"102",1,380.5,276,0,1,0,0,128,1,2263.99999999999,272,3,0
"103",1,380,275,0,0,0,0,129,1,2287.99999999999,272,3,0
"104",1,380,271.5,-90,1,0,0,130,1,2287.99999999999,272,4,1
"105",1,380,270,-90,2,0,0,131,1,2287.99999999999,272,4,1
"106",1,380.5,270.5,90,1,1,1,132,1,2263.99999999999,272,4,1
"107",1,385.250061035156,266.249969482422,-45,1.41421341896057,0.707106709480286,0.5,133,1,2035.99707031249,272,4,1
"108",1,385.250061035156,266.249969482422,-45,1.41421341896057,0.707106709480286,0.5,134,1,2035.99707031249,272,4,1
"109",1,388.5,264.5,90,1,1,1,135,1,1879.99999999999,272,4,1
"110",1,391.750061035156,261.749969482422,-45,1.41421341896057,0.707106709480286,0.5,136,1,1723.99707031249,272,4,1
"111",1,394,257.5,-90,1,0,0,137,1,1615.99999999999,272,4,1
"112",1,393.5,251.5,90,1,1,1,138,1,1639.99999999999,272,4,1
"113",1,393.5,246.5,90,1,1,1,139,1,1639.99999999999,272,4,1
"114",1,398.750030517578,244.75,-45,1.41421341896057,0.707106709480286,0.5,140,1,1387.99853515624,272,4,1
"115",1,406.5,241.5,90,1,1,1,141,1,1015.99999999999,272,4,1
"116",1,407.250061035156,241.249969482422,-45,1.41421341896057,0.707106709480286,0.5,142,1,979.997070312496,272,4,1
"117",1,415.5,240.5,90,1,1,1,143,1,583.999999999996,272,4,1
"118",1,416.750030517578,239.75,-45,1.41421341896057,0.707106709480286,0.5,144,1,523.99853515625,272,4,1
"119",1,416.5,240.5,90,1,1,1,145,1,535.999999999996,272,4,1
"120",1,423,247.5,-90,1,0,0,146,1,224,272,2,0
"121",1,426.5,252,0,1,0,0,147,1,56,272,2,0
"122",1,431.250061035156,257.749969482422,45,1.41421341896057,0.707106709480286,0.5,148,1,-172.002929687496,272,2,0
"123",1,440.250061035156,262.749969482422,45,1.41421341896057,0.707106709480286,0.5,149,1,-604.002929687493,272,2,0
"124",1,448,262,0,0,0,0,150,1,-975.999999999989,272,2,0
"125",1,457.750061035156,257.249969482422,45,1.41421341896057,0.707106709480286,0.5,151,1,-1444.00292968749,272,2,0
"126",1,459,257,0,0,0,0,152,1,-1503.99999999999,272,2,0
"127",1,459,257,0,0,0,0,153,1,-1503.99999999999,272,2,0
"128",1,458,255.5,-90,1,0,0,154,1,-1455.99999999999,272,2,0
"129",1,458,254,-90,2,0,0,155,1,-1455.99999999999,272,2,0
"130",1,454.25,248.749984741211,45,1.41421341896057,0.707106709480286,0.5,156,1,-1275.99999999999,272,2,0
"131",1,454,246.5,-90,1,0,0,157,1,-1263.99999999999,272,2,0
"132",1,449,243.5,-90,1,0,0,158,1,-1023.99999999999,272,2,0
"133",1,442.5,237.5,90,1,1,1,159,1,-711.999999999993,272,2,0
"134",1,442,236.5,-90,1,0,0,160,1,-687.999999999993,272,2,0
"135",1,440,237,0,2,0,0,161,1,-591.999999999993,272,2,0
"136",1,429.5,237.5,90,1,1,1,162,1,-87.9999999999964,272,2,0
"137",1,424.250061035156,237.749954223633,45,1.41421341896057,0.707106709480286,0.5,163,1,163.9970703125,272,2,0
"138",1,419,238.5,-90,1,0,0,164,1,416,272,4,1
"139",1,411.5,237,0,1,0,0,165,1,775.999999999996,272,4,1
"140",1,409,233.5,-90,1,0,0,166,1,895.999999999996,272,4,1
"141",1,409,233.5,-90,1,0,0,167,1,895.999999999996,272,4,1
"142",1,406.5,234.5,90,1,1,1,168,1,1015.99999999999,272,4,1
"143",1,397.750061035156,240.749969482422,-45,1.41421341896057,0.707106709480286,0.5,169,1,1435.99707031249,272,4,1
"144",1,393.5,250.5,90,1,1,1,170,1,1639.99999999999,272,4,1
"145",1,389.5,259.5,90,1,1,1,171,1,1831.99999999999,272,4,1
"146",1,388.250061035156,261.249969482422,-45,1.41421341896057,0.707106709480286,0.5,172,1,1891.99707031249,272,4,1
"147",1,387,274,-90,2,0,0,173,1,1951.99999999999,272,3,0
"148",1,387,283,-90,2,0,0,174,1,1951.99999999999,272,3,0
"149",1,388,289.5,-90,1,0,0,175,1,1903.99999999999,272,3,0
"150",1,403.5,300,0,1,0,0,176,1,1159.99999999999,272,3,0
"151",1,411.250061035156,300.249984741211,-45,1.41421341896057,0.707106709480286,0.5,177,1,787.997070312496,272,3,0
"152",1,413.5,300,0,1,0,0,178,1,679.999999999996,272,3,0
"153",1,418.5,300,0,1,0,0,179,1,440,272,3,0
"154",1,431.250061035156,304.249984741211,-45,1.41421341896057,0.707106709480286,0.5,181,1,-172.002929687496,272,1,1
"155",1,439,308,0,0,0,0,182,1,-543.999999999993,272,1,1
"156",1,442,307,0,0,0,0,185,1,-687.999999999993,272,1,1
"157",1,444.750061035156,305.749969482422,-45,1.41421341896057,0.707106709480286,0.5,186,1,-820.002929687493,272,1,1
"158",1,450,301,0,0,0,0,187,1,-1071.99999999999,272,1,1
"159",1,451,300,0,0,0,0,188,1,-1119.99999999999,272,1,1
"160",1,451,300,0,0,0,0,189,1,-1119.99999999999,272,1,1
"161",1,450,300.5,-90,1,0,0,190,1,-1071.99999999999,272,1,1
"162",1,448.5,303,0,1,0,0,191,1,-999.999999999989,272,1,1
"163",1,447.250061035156,304.249984741211,-45,1.41421341896057,0.707106709480286,0.5,192,1,-940.002929687489,272,1,1
"164",1,445,306,0,0,0,0,193,1,-831.999999999993,272,1,1
"165",1,441,308,0,0,0,0,194,1,-639.999999999993,272,1,1
"166",1,438,310,0,0,0,0,195,1,-495.999999999993,272,1,1
"167",1,434.750061035156,311.749969482422,-45,1.41421341896057,0.707106709480286,0.5,196,1,-340.002929687496,272,1,1
"168",1,429.5,313,0,1,0,0,197,1,-87.9999999999964,272,1,1
"169",1,425.750061035156,313.749984741211,-45,1.41421341896057,0.707106709480286,0.5,198,1,91.9970703125,272,1,1
"170",1,422.750030517578,314.750015258789,-45,1.41421341896057,0.707106709480286,0.5,199,1,235.99853515625,272,1,1
"171",1,416,315,0,0,0,0,202,1,559.999999999996,272,3,0
"172",1,415,315,0,0,0,0,203,1,607.999999999996,272,3,0
"173",1,410,312,0,2,0,0,204,1,847.999999999996,272,3,0
"174",1,409,312,0,0,0,0,205,1,895.999999999996,272,3,0
"175",1,404,310,0,0,0,0,206,1,1135.99999999999,272,3,0
"176",1,400.000030517578,307.999954223633,45,1.41421341896057,1.41421341896057,1,207,1,1327.99853515624,272,3,0
"177",1,397.5,307,0,1,0,0,208,1,1447.99999999999,272,3,0
"178",1,394.750030517578,304.250015258789,45,1.41421341896057,0.707106709480286,0.5,209,1,1579.99853515624,272,3,0
"179",1,394.750030517578,304.250015258789,45,1.41421341896057,0.707106709480286,0.5,210,1,1579.99853515624,272,3,0
"180",1,394.5,304,0,1,0,0,211,1,1591.99999999999,272,3,0
"181",1,391.5,300,0,1,0,0,212,1,1735.99999999999,272,3,0
"182",1,390.750030517578,299.750015258789,-45,1.41421341896057,0.707106709480286,0.5,213,1,1771.99853515624,272,3,0
"183",1,389.5,299,0,1,0,0,214,1,1831.99999999999,272,3,0
"184",1,389.5,298,0,1,0,0,215,1,1831.99999999999,272,3,0
"185",1,389.5,298,0,1,0,0,216,1,1831.99999999999,272,3,0
"186",1,389.5,298,0,1,0,0,217,1,1831.99999999999,272,3,0
"187",1,389,297.5,-90,1,0,0,218,1,1855.99999999999,272,3,0
"188",1,389,297.5,-90,1,0,0,219,1,1855.99999999999,272,3,0
"189",1,389,297.5,-90,1,0,0,220,1,1855.99999999999,272,3,0
"190",1,389,297.5,-90,1,0,0,221,1,1855.99999999999,272,3,0
"191",1,389,297.5,-90,1,0,0,222,1,1855.99999999999,272,3,0
"192",1,389,297.5,-90,1,0,0,223,1,1855.99999999999,272,3,0
"193",1,389,297.5,-90,1,0,0,224,1,1855.99999999999,272,3,0
"194",1,389,297.5,-90,1,0,0,225,1,1855.99999999999,272,3,0
"195",1,389,297.5,-90,1,0,0,226,1,1855.99999999999,272,3,0
"196",1,389,297.5,-90,1,0,0,227,1,1855.99999999999,272,3,0
"197",1,389,297.5,-90,1,0,0,228,1,1855.99999999999,272,3,0
"198",1,389,297,0,0,0,0,229,1,1855.99999999999,272,3,0
"199",1,389,297,0,0,0,0,230,1,1855.99999999999,272,3,0
"200",1,389,297,0,0,0,0,231,1,1855.99999999999,272,3,0
"201",1,389,297,0,0,0,0,232,1,1855.99999999999,272,3,0
"202",1,389,297,0,0,0,0,233,1,1855.99999999999,272,3,0
"203",1,389,297,0,0,0,0,234,1,1855.99999999999,272,3,0
"204",1,389,297,0,0,0,0,235,1,1855.99999999999,272,3,0
"205",1,389,297,0,0,0,0,236,1,1855.99999999999,272,3,0
"206",1,389,297,0,0,0,0,237,1,1855.99999999999,272,3,0
"207",1,389,297,0,0,0,0,238,1,1855.99999999999,272,3,0
"208",1,389,297,0,0,0,0,239,1,1855.99999999999,272,3,0
"209",1,389,297,0,0,0,0,240,1,1855.99999999999,272,3,0
"210",1,389,297,0,0,0,0,241,1,1855.99999999999,272,3,0
"211",1,389,297,0,0,0,0,242,1,1855.99999999999,272,3,0
"212",1,389,297,0,0,0,0,243,1,1855.99999999999,272,3,0
"213",1,389,297,0,0,0,0,244,1,1855.99999999999,272,3,0
"214",1,389,297,0,0,0,0,245,1,1855.99999999999,272,3,0
"215",1,389,297,0,0,0,0,246,1,1855.99999999999,272,3,0
"216",1,389,297,0,0,0,0,247,1,1855.99999999999,272,3,0
"217",1,389,297,0,0,0,0,248,1,1855.99999999999,272,3,0
"218",1,389,297,0,0,0,0,249,1,1855.99999999999,272,3,0
"219",1,389,297.5,-90,1,0,0,250,1,1855.99999999999,272,3,0
"220",1,389,297.5,-90,1,0,0,251,1,1855.99999999999,272,3,0
"221",1,389.250061035156,297.749984741211,45,1.41421341896057,0.707106709480286,0.5,252,1,1843.99707031249,272,3,0
"222",1,389.750061035156,297.249984741211,45,1.41421341896057,0.707106709480286,0.5,253,1,1819.99707031249,272,3,0
"223",1,389.750061035156,297.249984741211,45,1.41421341896057,0.707106709480286,0.5,254,1,1819.99707031249,272,3,0
"224",1,389.750061035156,297.249984741211,45,1.41421341896057,0.707106709480286,0.5,255,1,1819.99707031249,272,3,0
"225",1,389.5,297.5,90,1,1,1,256,1,1831.99999999999,272,3,0
"226",1,389.5,297.5,90,1,1,1,257,1,1831.99999999999,272,3,0
"227",1,389.750061035156,297.249984741211,45,1.41421341896057,0.707106709480286,0.5,258,1,1819.99707031249,272,3,0
"228",1,388.250061035156,295.749984741211,45,1.41421341896057,0.707106709480286,0.5,259,1,1891.99707031249,272,3,0
"229",1,387,293.5,-90,1,0,0,260,1,1951.99999999999,272,3,0
"230",1,386.250061035156,292.749984741211,45,1.41421341896057,0.707106709480286,0.5,261,1,1987.99707031249,272,3,0
"231",1,385.750061035156,292.249984741211,45,1.41421341896057,0.707106709480286,0.5,262,1,2011.99707031249,272,3,0
"232",1,385.750061035156,292.249984741211,45,1.41421341896057,0.707106709480286,0.5,263,1,2011.99707031249,272,3,0
"233",1,384.25,291.750015258789,45,1.41421341896057,0.707106709480286,0.5,264,1,2083.99999999999,272,3,0
"234",1,385.5,292,0,1,0,0,265,1,2023.99999999999,272,3,0
"235",1,385.750061035156,293.749969482422,-45,1.41421341896057,0.707106709480286,0.5,266,1,2011.99707031249,272,3,0
"236",1,386,294.5,-90,1,0,0,267,1,1999.99999999999,272,3,0
"237",1,387,296.5,-90,1,0,0,268,1,1951.99999999999,272,3,0
"238",1,387.750061035156,297.249984741211,45,1.41421341896057,0.707106709480286,0.5,269,1,1915.99707031249,272,3,0
"239",1,389,299,0,0,0,0,270,1,1855.99999999999,272,3,0
"240",1,390.5,300.5,45,1.41421353816986,0,0,271,1,1783.99999999999,272,3,0
"241",1,391.5,302,0,1,0,0,272,1,1735.99999999999,272,3,0
"242",1,392.5,303,0,1,0,0,273,1,1687.99999999999,272,3,0
"243",1,394,304,0,0,0,0,274,1,1615.99999999999,272,3,0
"244",1,395.250061035156,305.749969482422,45,1.41421341896057,0.707106709480286,0.5,275,1,1555.99707031249,272,3,0
"245",1,398.250061035156,307.749984741211,45,1.41421341896057,0.707106709480286,0.5,276,1,1411.99707031249,272,3,0
"246",1,401,309,0,0,0,0,277,1,1279.99999999999,272,3,0
"247",1,408,312,0,0,0,0,279,1,943.999999999996,272,3,0
"248",1,412,313,0,0,0,0,281,1,751.999999999996,272,3,0
"249",1,416,315,0,0,0,0,283,1,559.999999999996,272,3,0
"250",1,416,315,0,0,0,0,284,1,559.999999999996,272,3,0
"251",1,416,315,0,0,0,0,285,1,559.999999999996,272,3,0
"252",1,416,315,0,0,0,0,286,1,559.999999999996,272,3,0
"253",1,415,315,0,0,0,0,287,1,607.999999999996,272,3,0
"254",1,415,314.5,-90,1,0,0,288,1,607.999999999996,272,3,0
"255",1,409.750061035156,312.249969482422,45,1.41421341896057,0.707106709480286,0.5,291,1,859.997070312496,272,3,0
"256",1,407,312,0,0,0,0,292,1,991.999999999996,272,3,0
"257",1,405,311,0,0,0,0,293,1,1087.99999999999,272,3,0
"258",1,402,310,0,0,0,0,294,1,1231.99999999999,272,3,0
"259",1,398.750061035156,307.749984741211,-45,1.41421341896057,0.707106709480286,0.5,296,1,1387.99707031249,272,3,0
"260",1,397.5,307,0,1,0,0,297,1,1447.99999999999,272,3,0
"261",1,395,305,0,0,0,0,298,1,1567.99999999999,272,3,0
"262",1,393.750061035156,303.249984741211,45,1.41421341896057,0.707106709480286,0.5,299,1,1627.99707031249,272,3,0
"263",1,390.5,300,0,1,0,0,300,1,1783.99999999999,272,3,0
"264",1,388.250030517578,297.250015258789,-45,1.41421341896057,0.707106709480286,0.5,301,1,1891.99853515624,272,3,0
"265",1,387.750061035156,296.249984741211,45,1.41421341896057,0.707106709480286,0.5,302,1,1915.99707031249,272,3,0
"266",1,386.5,293.5,90,1,1,1,303,1,1975.99999999999,272,3,0
"267",1,385.750061035156,291.749984741211,-45,1.41421341896057,0.707106709480286,0.5,304,1,2011.99707031249,272,3,0
"268",1,384.5,290.5,90,1,1,1,305,1,2071.99999999999,272,3,0
"269",1,384,289,0,0,0,0,306,1,2095.99999999999,272,3,0
"270",1,383,288,-90,2,0,0,307,1,2143.99999999999,272,3,0
"271",1,383,287,45,1.41421341896057,1.41421341896057,1,308,1,2143.99999999999,272,3,0
"272",1,382,284,0,0,0,0,309,1,2191.99999999999,272,3,0
"273",1,380.5,278,0,1,0,0,310,1,2263.99999999999,272,3,0
"274",1,379.5,276.5,45,1.41421353816986,0,0,311,1,2311.99999999999,272,3,0
"275",1,379.750030517578,276.249969482422,45,1.41421341896057,0.707106709480286,0.5,312,1,2299.99853515624,272,3,0
"276",1,381.5,269.5,90,1,1,1,314,1,2215.99999999999,272,4,1
"277",1,382,267.5,-90,1,0,0,315,1,2191.99999999999,272,4,1
"278",1,382,267.5,-90,1,0,0,316,1,2191.99999999999,272,4,1
"279",1,382,267.5,-90,1,0,0,317,1,2191.99999999999,272,4,1
"280",1,382,267.5,-90,1,0,0,318,1,2191.99999999999,272,4,1
"281",1,382,267.5,-90,1,0,0,319,1,2191.99999999999,272,4,1
"282",1,382,267.5,-90,1,0,0,320,1,2191.99999999999,272,4,1
"283",1,382,267.5,-90,1,0,0,321,1,2191.99999999999,272,4,1
"284",1,382,267.5,-90,1,0,0,322,1,2191.99999999999,272,4,1
"285",1,382,267.5,-90,1,0,0,323,1,2191.99999999999,272,4,1
"286",1,382,267.5,-90,1,0,0,324,1,2191.99999999999,272,4,1
"287",1,382,267.5,-90,1,0,0,325,1,2191.99999999999,272,4,1
"288",1,382,267.5,-90,1,0,0,326,1,2191.99999999999,272,4,1
"289",1,382,267.5,-90,1,0,0,327,1,2191.99999999999,272,4,1
"290",1,382,267.5,-90,1,0,0,328,1,2191.99999999999,272,4,1
"291",1,382,267.5,-90,1,0,0,329,1,2191.99999999999,272,4,1
"292",1,382,267.5,-90,1,0,0,330,1,2191.99999999999,272,4,1
"293",1,382,267.5,-90,1,0,0,331,1,2191.99999999999,272,4,1
"294",1,382,267.5,-90,1,0,0,332,1,2191.99999999999,272,4,1
"295",1,382,267.5,-90,1,0,0,333,1,2191.99999999999,272,4,1
"296",1,382,267.5,-90,1,0,0,334,1,2191.99999999999,272,4,1
"297",1,382,267.5,-90,1,0,0,335,1,2191.99999999999,272,4,1
"298",1,382,267.5,-90,1,0,0,336,1,2191.99999999999,272,4,1
"299",1,382,267.5,-90,1,0,0,337,1,2191.99999999999,272,4,1
"300",1,382,267.5,-90,1,0,0,338,1,2191.99999999999,272,4,1
"301",1,382,267.5,-90,1,0,0,339,1,2191.99999999999,272,4,1
"302",1,382,267.5,-90,1,0,0,340,1,2191.99999999999,272,4,1
"303",1,382,267.5,-90,1,0,0,341,1,2191.99999999999,272,4,1
"304",1,382,267.5,-90,1,0,0,342,1,2191.99999999999,272,4,1
"305",1,382,267.5,-90,1,0,0,343,1,2191.99999999999,272,4,1
"306",1,382,267.5,-90,1,0,0,344,1,2191.99999999999,272,4,1
"307",1,382,267.5,-90,1,0,0,345,1,2191.99999999999,272,4,1
"308",1,382,267.5,-90,1,0,0,346,1,2191.99999999999,272,4,1
"309",1,382,267.5,-90,1,0,0,347,1,2191.99999999999,272,4,1
"310",1,382,267.5,-90,1,0,0,348,1,2191.99999999999,272,4,1
"311",1,382,267.5,-90,1,0,0,349,1,2191.99999999999,272,4,1
"312",1,382,267.5,-90,1,0,0,350,1,2191.99999999999,272,4,1
"313",1,382,267.5,-90,1,0,0,351,1,2191.99999999999,272,4,1
"314",1,382,267.5,-90,1,0,0,352,1,2191.99999999999,272,4,1
"315",1,382,267.5,-90,1,0,0,353,1,2191.99999999999,272,4,1
"316",1,382,267.5,-90,1,0,0,354,1,2191.99999999999,272,4,1
"317",1,382,267.5,-90,1,0,0,355,1,2191.99999999999,272,4,1
"318",1,382,267.5,-90,1,0,0,356,1,2191.99999999999,272,4,1
"319",1,382,267.5,-90,1,0,0,357,1,2191.99999999999,272,4,1
"320",1,382,267.5,-90,1,0,0,358,1,2191.99999999999,272,4,1
"321",1,382,267.5,-90,1,0,0,359,1,2191.99999999999,272,4,1
"322",1,382,267.5,-90,1,0,0,360,1,2191.99999999999,272,4,1
"323",1,382,267.5,-90,1,0,0,361,1,2191.99999999999,272,4,1
"324",1,382,267.5,-90,1,0,0,362,1,2191.99999999999,272,4,1
"325",1,382,267.5,-90,1,0,0,363,1,2191.99999999999,272,4,1
"326",1,382,267.5,-90,1,0,0,364,1,2191.99999999999,272,4,1
"327",1,382,267.5,-90,1,0,0,365,1,2191.99999999999,272,4,1
"328",1,382,267.5,-90,1,0,0,366,1,2191.99999999999,272,4,1
"329",1,382,267.5,-90,1,0,0,367,1,2191.99999999999,272,4,1
"330",1,382,267.5,-90,1,0,0,368,1,2191.99999999999,272,4,1
"331",1,382,267.5,-90,1,0,0,369,1,2191.99999999999,272,4,1
"332",1,382,267.5,-90,1,0,0,370,1,2191.99999999999,272,4,1
"333",1,382,267.5,-90,1,0,0,371,1,2191.99999999999,272,4,1
"334",1,382,267.5,-90,1,0,0,372,1,2191.99999999999,272,4,1
"335",1,382,267.5,-90,1,0,0,373,1,2191.99999999999,272,4,1
"336",1,382,267.5,-90,1,0,0,374,1,2191.99999999999,272,4,1
"337",1,382,267.5,-90,1,0,0,375,1,2191.99999999999,272,4,1
"338",1,382,267.5,-90,1,0,0,376,1,2191.99999999999,272,4,1
"339",1,382,267.5,-90,1,0,0,377,1,2191.99999999999,272,4,1
"340",1,382,267.5,-90,1,0,0,378,1,2191.99999999999,272,4,1
"341",1,382,267.5,-90,1,0,0,379,1,2191.99999999999,272,4,1
"342",1,382,267.5,-90,1,0,0,380,1,2191.99999999999,272,4,1
"343",1,382,267.5,-90,1,0,0,381,1,2191.99999999999,272,4,1
"344",1,382,267.5,-90,1,0,0,382,1,2191.99999999999,272,4,1
"345",1,382,267.5,-90,1,0,0,383,1,2191.99999999999,272,4,1
"346",1,382,267.5,-90,1,0,0,384,1,2191.99999999999,272,4,1
"347",1,382,267.5,-90,1,0,0,385,1,2191.99999999999,272,4,1
"348",1,382,267.5,-90,1,0,0,386,1,2191.99999999999,272,4,1
"349",1,382,267.5,-90,1,0,0,387,1,2191.99999999999,272,4,1
"350",1,382,267.5,-90,1,0,0,388,1,2191.99999999999,272,4,1
"351",1,382,267.5,-90,1,0,0,389,1,2191.99999999999,272,4,1
"352",1,382,267.5,-90,1,0,0,390,1,2191.99999999999,272,4,1
"353",1,382,267.5,-90,1,0,0,391,1,2191.99999999999,272,4,1
"354",1,382,267.5,-90,1,0,0,392,1,2191.99999999999,272,4,1
"355",1,382,267.5,-90,1,0,0,393,1,2191.99999999999,272,4,1
"356",1,382,267.5,-90,1,0,0,394,1,2191.99999999999,272,4,1
"357",1,382,267.5,-90,1,0,0,395,1,2191.99999999999,272,4,1
"358",1,382,267.5,-90,1,0,0,396,1,2191.99999999999,272,4,1
"359",1,382.5,267.5,90,1,1,1,397,1,2167.99999999999,272,4,1
"360",1,381.5,266.5,90,1,1,1,398,1,2215.99999999999,272,4,1
"361",1,381.5,267,0,1,0,0,399,1,2215.99999999999,272,4,1
"362",1,380,267,0,0,0,0,400,1,2287.99999999999,272,4,1
"363",1,380,267,0,0,0,0,401,1,2287.99999999999,272,4,1
"364",1,380.25,267.25,-45,1.41421341896057,0.707106709480286,0.5,402,1,2275.99999999999,272,4,1
"365",1,380,268,0,0,0,0,403,1,2287.99999999999,272,4,1
"366",1,380,268.5,-90,1,0,0,404,1,2287.99999999999,272,4,1
"367",1,379,270,0,0,0,0,405,1,2335.99999999999,272,4,1
"368",1,379.750030517578,270.749969482422,-45,1.41421341896057,0.707106709480286,0.5,406,1,2299.99853515624,272,4,1
"369",1,379.5,276,0,1,0,0,408,1,2311.99999999999,272,3,0
"370",1,379.5,277,0,1,0,0,409,1,2311.99999999999,272,3,0
"371",1,380,279,0,0,0,0,410,1,2287.99999999999,272,3,0
"372",1,380,280.5,-90,1,0,0,411,1,2287.99999999999,272,3,0
"373",1,380.25,283.25,-45,1.41421341896057,0.707106709480286,0.5,412,1,2275.99999999999,272,3,0
"374",1,380.5,284,0,1,0,0,413,1,2263.99999999999,272,3,0
"375",1,381.5,284.5,90,1,1,1,414,1,2215.99999999999,272,3,0
"376",1,383,287.5,-90,1,0,0,415,1,2143.99999999999,272,3,0
"377",1,384,290.5,-90,1,0,0,416,1,2095.99999999999,272,3,0
"378",1,384.5,292,0,1,0,0,417,1,2071.99999999999,272,3,0
"379",1,385,293,0,0,0,0,418,1,2047.99999999999,272,3,0
"380",1,387,295.5,-90,1,0,0,419,1,1951.99999999999,272,3,0
"381",1,390,299.5,-90,1,0,0,420,1,1807.99999999999,272,3,0
"382",1,391.250061035156,301.749984741211,45,1.41421341896057,0.707106709480286,0.5,421,1,1747.99707031249,272,3,0
"383",1,391.5,302,0,1,0,0,422,1,1735.99999999999,272,3,0
"384",1,392,302,0,0,0,0,423,1,1711.99999999999,272,3,0
"385",1,394,303.5,-90,1,0,0,424,1,1615.99999999999,272,3,0
"386",1,396,305.5,-90,1,0,0,425,1,1519.99999999999,272,3,0
"387",1,397,306.5,-90,1,0,0,426,1,1471.99999999999,272,3,0
"388",1,398.250061035156,307.749984741211,45,1.41421341896057,0.707106709480286,0.5,427,1,1411.99707031249,272,3,0
"389",1,399.250061035156,307.749984741211,45,1.41421341896057,0.707106709480286,0.5,428,1,1363.99707031249,272,3,0
"390",1,403,309.5,-90,1,0,0,429,1,1183.99999999999,272,3,0
"391",1,405.5,311,0,1,0,0,431,1,1063.99999999999,272,3,0
"392",1,405.5,311,0,1,0,0,432,1,1063.99999999999,272,3,0
"393",1,406,310,0,0,0,0,433,1,1039.99999999999,272,3,0
"394",1,404.5,310,0,1,0,0,434,1,1111.99999999999,272,3,0
"395",1,402.750061035156,309.249984741211,45,1.41421341896057,0.707106709480286,0.5,435,1,1195.99707031249,272,3,0
"396",1,400.750061035156,308.249984741211,45,1.41421341896057,0.707106709480286,0.5,436,1,1291.99707031249,272,3,0
"397",1,398.750061035156,307.749984741211,-45,1.41421341896057,0.707106709480286,0.5,437,1,1387.99707031249,272,3,0
"398",1,397.5,306.5,90,1,1,1,438,1,1447.99999999999,272,3,0
"399",1,395.5,305,0,1,0,0,439,1,1543.99999999999,272,3,0
"400",1,393,303,0,0,0,0,440,1,1663.99999999999,272,3,0
"401",1,391.5,301.5,90,1,1,1,441,1,1735.99999999999,272,3,0
"402",1,390.5,300,0,1,0,0,442,1,1783.99999999999,272,3,0
"403",1,390,300,0,2,0,0,443,1,1807.99999999999,272,3,0
"404",1,389.5,300,0,1,0,0,444,1,1831.99999999999,272,3,0
"405",1,389,299,0,0,0,0,445,1,1855.99999999999,272,3,0
"406",1,389,299,0,0,0,0,446,1,1855.99999999999,272,3,0
"407",1,388,299,0,0,0,0,447,1,1903.99999999999,272,3,0
"408",1,388,297.5,-90,1,0,0,448,1,1903.99999999999,272,3,0
"409",1,387,296.5,-90,1,0,0,449,1,1951.99999999999,272,3,0
"410",1,386.5,296,0,1,0,0,450,1,1975.99999999999,272,3,0
"411",1,386,295.5,-90,1,0,0,451,1,1999.99999999999,272,3,0
"412",1,385.5,295,0,1,0,0,453,1,2023.99999999999,272,3,0
"413",1,385.5,293.5,90,1,1,1,454,1,2023.99999999999,272,3,0
"414",1,384,291,0,0,0,0,455,1,2095.99999999999,272,3,0
"415",1,383,289.5,-90,1,0,0,456,1,2143.99999999999,272,3,0
"416",1,383,289.5,-90,1,0,0,457,1,2143.99999999999,272,3,0
"417",1,383,287.5,-90,1,0,0,458,1,2143.99999999999,272,3,0
"418",1,382.5,284.5,90,1,1,1,459,1,2167.99999999999,272,3,0
"419",1,383,281,0,0,0,0,464,1,2143.99999999999,272,3,0
"420",1,383,281,0,0,0,0,465,1,2143.99999999999,272,3,0
"421",1,383,281,0,0,0,0,466,1,2143.99999999999,272,3,0
"422",1,383,281,0,0,0,0,467,1,2143.99999999999,272,3,0
"423",1,383,281,0,0,0,0,468,1,2143.99999999999,272,3,0
"424",1,383,281,0,0,0,0,469,1,2143.99999999999,272,3,0
"425",1,383,281,0,0,0,0,470,1,2143.99999999999,272,3,0
"426",1,383,281,0,0,0,0,471,1,2143.99999999999,272,3,0
"427",1,383,281,0,0,0,0,472,1,2143.99999999999,272,3,0
"428",1,383,281,0,0,0,0,473,1,2143.99999999999,272,3,0
"429",1,383,281,0,0,0,0,474,1,2143.99999999999,272,3,0
"430",1,383,281,0,0,0,0,475,1,2143.99999999999,272,3,0
"431",1,383,281,0,0,0,0,476,1,2143.99999999999,272,3,0
"432",1,383,281,0,0,0,0,477,1,2143.99999999999,272,3,0
"433",1,383,281,0,0,0,0,478,1,2143.99999999999,272,3,0
"434",1,383,281,0,0,0,0,479,1,2143.99999999999,272,3,0
"435",1,383,281,0,0,0,0,480,1,2143.99999999999,272,3,0
"436",1,383,281,0,0,0,0,481,1,2143.99999999999,272,3,0
"437",1,383,281,0,0,0,0,482,1,2143.99999999999,272,3,0
"438",1,383,281,0,0,0,0,483,1,2143.99999999999,272,3,0
"439",1,383,281,0,0,0,0,484,1,2143.99999999999,272,3,0
"440",1,383,281,0,0,0,0,485,1,2143.99999999999,272,3,0
"441",1,383,281,0,0,0,0,486,1,2143.99999999999,272,3,0
"442",1,383,281,0,0,0,0,487,1,2143.99999999999,272,3,0
"443",1,383,281,0,0,0,0,488,1,2143.99999999999,272,3,0
"444",1,383,281,0,0,0,0,489,1,2143.99999999999,272,3,0
"445",1,383,281,0,0,0,0,490,1,2143.99999999999,272,3,0
"446",1,383,281,0,0,0,0,491,1,2143.99999999999,272,3,0
"447",1,383,281,0,0,0,0,492,1,2143.99999999999,272,3,0
"448",1,383,281,0,0,0,0,493,1,2143.99999999999,272,3,0
"449",1,383,281,0,0,0,0,494,1,2143.99999999999,272,3,0
"450",1,383,281,0,0,0,0,495,1,2143.99999999999,272,3,0
"451",1,383,281,0,0,0,0,496,1,2143.99999999999,272,3,0
"452",1,383,281,0,0,0,0,497,1,2143.99999999999,272,3,0
"453",1,383,281,0,0,0,0,498,1,2143.99999999999,272,3,0
"454",1,383,281,0,0,0,0,499,1,2143.99999999999,272,3,0
"455",1,383,281,0,0,0,0,500,1,2143.99999999999,272,3,0
"456",1,383,281,0,0,0,0,501,1,2143.99999999999,272,3,0
"457",1,383,281,0,0,0,0,502,1,2143.99999999999,272,3,0
"458",1,383,281,0,0,0,0,503,1,2143.99999999999,272,3,0
"459",1,383,281,0,0,0,0,504,1,2143.99999999999,272,3,0
"460",1,383,281,0,0,0,0,505,1,2143.99999999999,272,3,0
"461",1,383,281,0,0,0,0,506,1,2143.99999999999,272,3,0
"462",1,383,281,0,0,0,0,507,1,2143.99999999999,272,3,0
"463",1,383,281,0,0,0,0,508,1,2143.99999999999,272,3,0
"464",1,383,281,0,0,0,0,509,1,2143.99999999999,272,3,0
"465",1,383,281,0,0,0,0,510,1,2143.99999999999,272,3,0
"466",1,383,281,0,0,0,0,511,1,2143.99999999999,272,3,0
"467",1,383,281,0,0,0,0,512,1,2143.99999999999,272,3,0
"468",1,383,281,0,0,0,0,513,1,2143.99999999999,272,3,0
"469",1,383,281,0,0,0,0,514,1,2143.99999999999,272,3,0
"470",1,383,281,0,0,0,0,515,1,2143.99999999999,272,3,0
"471",1,383,281,0,0,0,0,516,1,2143.99999999999,272,3,0
"472",1,383,281,0,0,0,0,517,1,2143.99999999999,272,3,0
"473",1,383,281,0,0,0,0,518,1,2143.99999999999,272,3,0
"474",1,383,281,0,0,0,0,519,1,2143.99999999999,272,3,0
"475",1,383,281,0,0,0,0,520,1,2143.99999999999,272,3,0
"476",1,383,281,0,0,0,0,521,1,2143.99999999999,272,3,0
"477",1,383,281,0,0,0,0,522,1,2143.99999999999,272,3,0
"478",1,383,281,0,0,0,0,523,1,2143.99999999999,272,3,0
"479",1,383,281,0,0,0,0,524,1,2143.99999999999,272,3,0
"480",1,383,281,0,0,0,0,525,1,2143.99999999999,272,3,0
"481",1,383,281,0,0,0,0,526,1,2143.99999999999,272,3,0
"482",1,383,281,0,0,0,0,527,1,2143.99999999999,272,3,0
"483",1,383,281,0,0,0,0,528,1,2143.99999999999,272,3,0
"484",1,383,281,0,0,0,0,529,1,2143.99999999999,272,3,0
"485",1,383,281,0,0,0,0,530,1,2143.99999999999,272,3,0
"486",1,383,281,0,0,0,0,531,1,2143.99999999999,272,3,0
"487",1,383,281,0,0,0,0,532,1,2143.99999999999,272,3,0
"488",1,383,281,0,0,0,0,533,1,2143.99999999999,272,3,0
"489",1,383,281,0,0,0,0,534,1,2143.99999999999,272,3,0
"490",1,383,281,0,0,0,0,535,1,2143.99999999999,272,3,0
"491",1,383,281,0,0,0,0,536,1,2143.99999999999,272,3,0
"492",1,383,281,0,0,0,0,537,1,2143.99999999999,272,3,0
"493",1,383,281,0,0,0,0,538,1,2143.99999999999,272,3,0
"494",1,383,281,0,0,0,0,539,1,2143.99999999999,272,3,0
"495",1,383,281,0,0,0,0,540,1,2143.99999999999,272,3,0
"496",1,383,281,0,0,0,0,541,1,2143.99999999999,272,3,0
"497",1,383,281,0,0,0,0,542,1,2143.99999999999,272,3,0
"498",1,383,281,0,0,0,0,543,1,2143.99999999999,272,3,0
"499",1,383,281,0,0,0,0,544,1,2143.99999999999,272,3,0
"500",1,383,281,0,0,0,0,545,1,2143.99999999999,272,3,0
"501",1,383,281,0,0,0,0,546,1,2143.99999999999,272,3,0
"502",1,383,281,0,0,0,0,547,1,2143.99999999999,272,3,0
"503",1,383,281,0,0,0,0,548,1,2143.99999999999,272,3,0
"504",1,383,281,0,0,0,0,549,1,2143.99999999999,272,3,0
"505",1,383,281,0,0,0,0,550,1,2143.99999999999,272,3,0
"506",1,383,281,0,0,0,0,551,1,2143.99999999999,272,3,0
"507",1,383,281,0,0,0,0,552,1,2143.99999999999,272,3,0
"508",1,383,281,0,0,0,0,553,1,2143.99999999999,272,3,0
"509",1,383,281,0,0,0,0,554,1,2143.99999999999,272,3,0
"510",1,383,281,0,0,0,0,555,1,2143.99999999999,272,3,0
"511",1,383,281,0,0,0,0,556,1,2143.99999999999,272,3,0
"512",1,383,281,0,0,0,0,557,1,2143.99999999999,272,3,0
"513",1,383,281,0,0,0,0,558,1,2143.99999999999,272,3,0
"514",1,383,281,0,0,0,0,559,1,2143.99999999999,272,3,0
"515",1,383,281,0,0,0,0,560,1,2143.99999999999,272,3,0
"516",1,383,281,0,0,0,0,561,1,2143.99999999999,272,3,0
"517",1,383,281,0,0,0,0,562,1,2143.99999999999,272,3,0
"518",1,383,281,0,0,0,0,563,1,2143.99999999999,272,3,0
"519",1,383,281,0,0,0,0,564,1,2143.99999999999,272,3,0
"520",1,383,281,0,0,0,0,565,1,2143.99999999999,272,3,0
"521",1,383,281,0,0,0,0,566,1,2143.99999999999,272,3,0
"522",1,383,281,0,0,0,0,567,1,2143.99999999999,272,3,0
"523",1,383,281,0,0,0,0,568,1,2143.99999999999,272,3,0
"524",1,383,281,0,0,0,0,569,1,2143.99999999999,272,3,0
"525",1,383,281,0,0,0,0,570,1,2143.99999999999,272,3,0
"526",1,383,281,0,0,0,0,571,1,2143.99999999999,272,3,0
"527",1,383,281,0,0,0,0,572,1,2143.99999999999,272,3,0
"528",1,383,281,0,0,0,0,573,1,2143.99999999999,272,3,0
"529",1,383,281,0,0,0,0,574,1,2143.99999999999,272,3,0
"530",1,383,281,0,0,0,0,575,1,2143.99999999999,272,3,0
"531",1,383,281,0,0,0,0,576,1,2143.99999999999,272,3,0
"532",1,383,281,0,0,0,0,577,1,2143.99999999999,272,3,0
"533",1,383,281,0,0,0,0,578,1,2143.99999999999,272,3,0
"534",1,383,281,0,0,0,0,579,1,2143.99999999999,272,3,0
"535",1,383,281,0,0,0,0,580,1,2143.99999999999,272,3,0
"536",1,383,281,0,0,0,0,581,1,2143.99999999999,272,3,0
"537",1,383,281,0,0,0,0,582,1,2143.99999999999,272,3,0
"538",1,383,281,0,0,0,0,583,1,2143.99999999999,272,3,0
"539",1,383,281,0,0,0,0,584,1,2143.99999999999,272,3,0
"540",1,383,281,0,0,0,0,585,1,2143.99999999999,272,3,0
"541",1,383,281,0,0,0,0,586,1,2143.99999999999,272,3,0
"542",1,383,281,0,0,0,0,587,1,2143.99999999999,272,3,0
"543",1,383,281,0,0,0,0,588,1,2143.99999999999,272,3,0
"544",1,383,281,0,0,0,0,589,1,2143.99999999999,272,3,0
"545",1,383,281,0,0,0,0,590,1,2143.99999999999,272,3,0
"546",1,383,281,0,0,0,0,591,1,2143.99999999999,272,3,0
"547",1,383,281,0,0,0,0,592,1,2143.99999999999,272,3,0
"548",1,383,281,0,0,0,0,593,1,2143.99999999999,272,3,0
"549",1,383,281,0,0,0,0,594,1,2143.99999999999,272,3,0
"550",1,383,281,0,0,0,0,595,1,2143.99999999999,272,3,0
"551",1,383,281,0,0,0,0,596,1,2143.99999999999,272,3,0
"552",1,383,281,0,0,0,0,597,1,2143.99999999999,272,3,0
"553",1,383,281,0,0,0,0,598,1,2143.99999999999,272,3,0
"554",1,383,281,0,0,0,0,599,1,2143.99999999999,272,3,0
"555",1,383,281,0,0,0,0,600,1,2143.99999999999,272,3,0
"556",1,383,281,0,0,0,0,601,1,2143.99999999999,272,3,0
"557",1,383,281,0,0,0,0,602,1,2143.99999999999,272,3,0
"558",1,383,281,0,0,0,0,603,1,2143.99999999999,272,3,0
"559",1,383,281,0,0,0,0,604,1,2143.99999999999,272,3,0
"560",1,383,281,0,0,0,0,605,1,2143.99999999999,272,3,0
"561",1,383,281,0,0,0,0,606,1,2143.99999999999,272,3,0
"562",1,383,281,0,0,0,0,607,1,2143.99999999999,272,3,0
"563",1,383,281,0,0,0,0,608,1,2143.99999999999,272,3,0
"564",1,383,281,0,0,0,0,609,1,2143.99999999999,272,3,0
"565",1,383,281,0,0,0,0,610,1,2143.99999999999,272,3,0
"566",1,383,281,0,0,0,0,611,1,2143.99999999999,272,3,0
"567",1,383,281,0,0,0,0,612,1,2143.99999999999,272,3,0
"568",1,383,281,0,0,0,0,613,1,2143.99999999999,272,3,0
"569",1,383,281,0,0,0,0,614,1,2143.99999999999,272,3,0
"570",1,383,281,0,0,0,0,615,1,2143.99999999999,272,3,0
"571",1,383,281,0,0,0,0,616,1,2143.99999999999,272,3,0
"572",1,383,281,0,0,0,0,617,1,2143.99999999999,272,3,0
"573",1,383,281,0,0,0,0,618,1,2143.99999999999,272,3,0
"574",1,383,281,0,0,0,0,619,1,2143.99999999999,272,3,0
"575",1,383,281,0,0,0,0,620,1,2143.99999999999,272,3,0
"576",1,383,281,0,0,0,0,621,1,2143.99999999999,272,3,0
"577",1,383,281,0,0,0,0,622,1,2143.99999999999,272,3,0
"578",1,383,281,0,0,0,0,623,1,2143.99999999999,272,3,0
"579",1,383,281,0,0,0,0,624,1,2143.99999999999,272,3,0
"580",1,384,283,0,0,0,0,984,1,2095.99999999999,272,3,0
"581",1,384.5,283,0,1,0,0,985,1,2071.99999999999,272,3,0
"582",1,384.250030517578,282.749969482422,45,1.41421341896057,0.707106709480286,0.5,986,1,2083.99853515624,272,3,0
"583",1,384.25,283.75,45,1.41421341896057,0.707106709480286,0.5,987,1,2083.99999999999,272,3,0
"584",1,384.5,285,0,1,0,0,988,1,2071.99999999999,272,3,0
"585",1,384.75,285.25,45,1.41421341896057,0.707106709480286,0.5,989,1,2059.99999999999,272,3,0
"586",1,385.250030517578,286.75,45,1.41421341896057,0.707106709480286,0.5,990,1,2035.99853515624,272,3,0
"587",1,385.750061035156,289.249984741211,45,1.41421341896057,0.707106709480286,0.5,991,1,2011.99707031249,272,3,0
"588",1,387,290.5,-90,1,0,0,992,1,1951.99999999999,272,3,0
"589",1,387,290.5,-90,1,0,0,993,1,1951.99999999999,272,3,0
"590",1,388.250030517578,291.750015258789,45,1.41421341896057,0.707106709480286,0.5,994,1,1891.99853515624,272,3,0
"591",1,389.5,292,0,1,0,0,995,1,1831.99999999999,272,3,0
"592",1,392.5,293.5,90,1,1,1,996,1,1687.99999999999,272,3,0
"593",1,394.250061035156,294.749984741211,45,1.41421341896057,0.707106709480286,0.5,997,1,1603.99707031249,272,3,0
"594",1,395.25,294.75,45,1.41421341896057,0.707106709480286,0.5,998,1,1555.99999999999,272,3,0
"595",1,400.000061035156,294.999984741211,45,1.41421341896057,1.41421341896057,1,999,1,1327.99707031249,272,3,0
"596",1,402.750061035156,294.749969482422,-45,1.41421341896057,0.707106709480286,0.5,1000,1,1195.99707031249,272,3,0
"597",1,405.250061035156,294.249969482422,-45,1.41421341896057,0.707106709480286,0.5,1001,1,1075.99707031249,272,3,0
"598",1,408.5,294.5,90,1,1,1,1002,1,919.999999999996,272,3,0
"599",1,412.000061035156,294.999984741211,45,1.41421341896057,1.41421341896057,1,1003,1,751.997070312496,272,3,0
"600",1,417,296,0,2,0,0,1004,1,512,272,3,0
"601",1,417,296,0,2,0,0,1005,1,512,272,3,0
"602",1,417,295.5,0,2,1,1.5,1006,1,512,272,3,0
"603",1,417.750061035156,294.749969482422,-45,1.41421341896057,0.707106709480286,0.5,1007,1,475.9970703125,272,3,0
"604",1,422.250061035156,290.249984741211,-45,1.41421341896057,0.707106709480286,0.5,1009,1,259.9970703125,272,1,1
"605",1,425.5,288.5,90,1,1,1,1010,1,104,272,1,1
"606",1,431,286.5,-90,1,0,0,1011,1,-159.999999999996,272,1,1
"607",1,434.5,285.5,90,1,1,1,1012,1,-327.999999999996,272,1,1
"608",1,435.5,285.5,90,1,1,1,1013,1,-375.999999999996,272,1,1
"609",1,435.000061035156,285.999954223633,45,1.41421341896057,1.41421341896057,1,1014,1,-352.002929687496,272,1,1
"610",1,437.000061035156,287.999969482422,45,1.41421341896057,1.41421341896057,1,1015,1,-448.002929687493,272,1,1
"611",1,437.000061035156,288.499969482422,45,2.12132024765015,0.707106709480286,1,1016,1,-448.002929687493,272,1,1
"612",1,437.5,291.5,90,1,1,1,1017,1,-471.999999999993,272,1,1
"613",1,437.000061035156,294.999969482422,45,1.41421341896057,1.41421341896057,1,1018,1,-448.002929687493,272,1,1
"614",1,437.75,296.25,45,1.41421341896057,0.707106709480286,0.5,1019,1,-483.999999999993,272,1,1
"615",1,435,298,45,1.41421341896057,1.41421341896057,1,1020,1,-351.999999999996,272,1,1
"616",1,433.750061035156,298.749984741211,-45,1.41421341896057,0.707106709480286,0.5,1021,1,-292.002929687496,272,1,1
"617",1,431.5,298.5,90,1,1,1,1022,1,-183.999999999996,272,1,1
"618",1,429,296.5,0,2,1,1.5,1023,1,-63.9999999999964,272,1,1
"619",1,427.5,294.5,90,1,1,1,1024,1,8.00000000000364,272,1,1
"620",1,427.750061035156,290.249984741211,45,1.41421341896057,0.707106709480286,0.5,1025,1,-4.00292968749636,272,1,1
"621",1,429,286.5,-90,1,0,0,1026,1,-63.9999999999964,272,1,1
"622",1,432.5,284.5,90,1,1,1,1027,1,-231.999999999996,272,1,1
"623",1,434.5,285.5,90,1,1,1,1028,1,-327.999999999996,272,1,1
"624",1,437.000061035156,284.999969482422,45,1.41421341896057,1.41421341896057,1,1029,1,-448.002929687493,272,1,1
"625",1,438.5,284.5,90,1,1,1,1030,1,-519.999999999993,272,1,1
"626",1,439.5,284.5,90,1,1,1,1031,1,-567.999999999993,272,1,1
"627",1,442.750061035156,288.249969482422,45,1.41421341896057,0.707106709480286,0.5,1032,1,-724.002929687493,272,1,1
"628",1,446,290.5,-90,1,0,0,1033,1,-879.999999999993,272,1,1
"629",1,450.250061035156,291.75,45,1.41421341896057,0.707106709480286,0.5,1034,1,-1084.00292968749,272,1,1
"630",1,451.5,292.5,90,1,1,1,1035,1,-1143.99999999999,272,1,1
"631",1,452.750061035156,294.249984741211,45,1.41421341896057,0.707106709480286,0.5,1036,1,-1204.00292968749,272,1,1
"632",1,453.5,295.5,90,1,1,1,1037,1,-1239.99999999999,272,1,1
"633",1,454,296.5,-90,1,0,0,1038,1,-1263.99999999999,272,1,1
"634",1,452.750061035156,297.249984741211,45,1.41421341896057,0.707106709480286,0.5,1039,1,-1204.00292968749,272,1,1
"635",1,451,299.5,-90,1,0,0,1040,1,-1119.99999999999,272,1,1
"636",1,450,300.5,-90,1,0,0,1041,1,-1071.99999999999,272,1,1
"637",1,449,302.5,-90,1,0,0,1042,1,-1023.99999999999,272,1,1
"638",1,448.750061035156,302.749984741211,-45,1.41421341896057,0.707106709480286,0.5,1043,1,-1012.00292968749,272,1,1
"639",1,446.750061035156,303.749969482422,-45,1.41421341896057,0.707106709480286,0.5,1044,1,-916.002929687489,272,1,1
"640",1,444.750061035156,305.749969482422,-45,1.41421341896057,0.707106709480286,0.5,1045,1,-820.002929687493,272,1,1
"641",1,443.5,306,0,1,0,0,1046,1,-759.999999999993,272,1,1
"642",1,440,308,0,0,0,0,1047,1,-591.999999999993,272,1,1
"643",1,439,309,0,0,0,0,1048,1,-543.999999999993,272,1,1
"644",1,438,309,0,0,0,0,1049,1,-495.999999999993,272,1,1
"645",1,435,310.5,-90,1,0,0,1050,1,-351.999999999996,272,1,1
"646",1,431.5,312,0,1,0,0,1051,1,-183.999999999996,272,1,1
"647",1,431.250061035156,312.249984741211,-45,1.41421341896057,0.707106709480286,0.5,1052,1,-172.002929687496,272,1,1
"648",1,430.5,312.5,90,1,1,1,1053,1,-135.999999999996,272,1,1
"649",1,429,312.5,0,2,1,0.5,1054,1,-63.9999999999964,272,1,1
"650",1,428.5,313,0,1,0,0,1055,1,-39.9999999999964,272,1,1
"651",1,422,313.5,-90,1,0,0,1056,1,272,272,1,1
"652",1,422,313.5,-90,1,0,0,1057,1,272,272,1,1
"653",1,422,313.5,-90,1,0,0,1058,1,272,272,1,1
"654",1,418,314,0,0,0,0,1061,1,464,272,3,0
"655",1,416.5,315,0,1,0,0,1063,1,535.999999999996,272,3,0
"656",1,416,314.5,-90,1,0,0,1064,1,559.999999999996,272,3,0
"657",1,413,312,0,0,0,0,1065,1,703.999999999996,272,3,0
"658",1,411,311.5,-90,1,0,0,1066,1,799.999999999996,272,3,0
"659",1,408,312,0,0,0,0,1067,1,943.999999999996,272,3,0
"660",1,408,312,0,0,0,0,1068,1,943.999999999996,272,3,0
"661",1,408,311.5,-90,1,0,0,1069,1,943.999999999996,272,3,0
"662",1,406,310.5,-90,1,0,0,1070,1,1039.99999999999,272,3,0
"663",1,403.5,309,0,1,0,0,1071,1,1159.99999999999,272,3,0
"664",1,398.5,307,0,1,0,0,1072,1,1399.99999999999,272,3,0
"665",1,396.5,305.5,90,1,1,1,1073,1,1495.99999999999,272,3,0
"666",1,394.250030517578,303.750015258789,45,1.41421341896057,0.707106709480286,0.5,1074,1,1603.99853515624,272,3,0
"667",1,392.750061035156,301.249984741211,45,1.41421341896057,0.707106709480286,0.5,1075,1,1675.99707031249,272,3,0
"668",1,392.250061035156,300.749984741211,45,1.41421341896057,0.707106709480286,0.5,1076,1,1699.99707031249,272,3,0
"669",1,392.250061035156,300.749984741211,45,1.41421341896057,0.707106709480286,0.5,1077,1,1699.99707031249,272,3,0
"670",1,392.250061035156,295.749984741211,45,1.41421341896057,0.707106709480286,0.5,1078,1,1699.99707031249,272,3,0
"671",1,392.250061035156,292.749984741211,45,1.41421341896057,0.707106709480286,0.5,1079,1,1699.99707031249,272,3,0
"672",1,389.750061035156,290.249984741211,45,1.41421341896057,0.707106709480286,0.5,1080,1,1819.99707031249,272,3,0
"673",1,388,289.5,-90,1,0,0,1081,1,1903.99999999999,272,3,0
"674",1,385.750061035156,291.749984741211,-45,1.41421341896057,0.707106709480286,0.5,1082,1,2011.99707031249,272,3,0
"675",1,385.5,292,0,1,0,0,1083,1,2023.99999999999,272,3,0
"676",1,385,292,0,0,0,0,1084,1,2047.99999999999,272,3,0
"677",1,385.5,292.5,90,1,1,1,1085,1,2023.99999999999,272,3,0
"678",1,386,294.5,-90,1,0,0,1086,1,1999.99999999999,272,3,0
"679",1,386.750061035156,295.249969482422,45,1.41421341896057,0.707106709480286,0.5,1087,1,1963.99707031249,272,3,0
"680",1,388.750061035156,297.249984741211,45,1.41421341896057,0.707106709480286,0.5,1088,1,1867.99707031249,272,3,0
"681",1,392.5,302,0,1,0,0,1089,1,1687.99999999999,272,3,0
"682",1,393.5,303,0,1,0,0,1090,1,1639.99999999999,272,3,0
"683",1,394.5,303.5,90,1,1,1,1091,1,1591.99999999999,272,3,0
"684",1,398,305.5,-90,1,0,0,1092,1,1423.99999999999,272,3,0
"685",1,400.5,306,0,1,0,0,1093,1,1303.99999999999,272,3,0
"686",1,402,306.5,-90,1,0,0,1094,1,1231.99999999999,272,3,0
"687",1,404,309.5,-90,1,0,0,1095,1,1135.99999999999,272,3,0
"688",1,404.5,309.5,90,1,1,1,1096,1,1111.99999999999,272,3,0
"689",1,408.250061035156,308.249984741211,-45,1.41421341896057,0.707106709480286,0.5,1097,1,931.997070312496,272,3,0
"690",1,409.5,308,0,1,0,0,1098,1,871.999999999996,272,3,0
"691",1,411,306,-90,2,0,0,1099,1,799.999999999996,272,3,0
"692",1,412.750061035156,304.749984741211,-45,1.41421341896057,0.707106709480286,0.5,1100,1,715.997070312496,272,3,0
"693",1,414.5,304.5,90,1,1,1,1101,1,631.999999999996,272,3,0
"694",1,417.750061035156,303.749969482422,-45,1.41421341896057,0.707106709480286,0.5,1102,1,475.9970703125,272,3,0
"695",1,419,304,0,0,0,0,1103,1,416,272,3,0
"696",1,422.750030517578,305.250015258789,45,1.41421341896057,0.707106709480286,0.5,1104,1,235.99853515625,272,1,1
"697",1,424.5,304,0,1,0,0,1105,1,152,272,1,1
"698",1,428.5,302.5,90,1,1,1,1106,1,-39.9999999999964,272,1,1
"699",1,429.5,302.5,90,1,1,1,1107,1,-87.9999999999964,272,1,1
"700",1,429.750061035156,301.749984741211,-45,1.41421341896057,0.707106709480286,0.5,1108,1,-100.002929687496,272,1,1
"701",1,433.750061035156,298.749984741211,-45,1.41421341896057,0.707106709480286,0.5,1109,1,-292.002929687496,272,1,1
"702",1,437.750030517578,296.750015258789,-45,1.41421341896057,0.707106709480286,0.5,1110,1,-484.001464843743,272,1,1
"703",1,440.500061035156,293.999969482422,-45,2.12132024765015,0.707106709480286,1,1111,1,-616.002929687493,272,1,1
"704",1,441.250061035156,293.249969482422,-45,1.41421341896057,0.707106709480286,0.5,1112,1,-652.002929687493,272,1,1
"705",1,444.5,292.5,90,1,1,1,1113,1,-807.999999999993,272,1,1
"706",1,448.5,293.5,90,1,1,1,1114,1,-999.999999999989,272,1,1
"707",1,450.250061035156,294.749984741211,45,1.41421341896057,0.707106709480286,0.5,1115,1,-1084.00292968749,272,1,1
"708",1,450.750061035156,295.249984741211,45,1.41421341896057,0.707106709480286,0.5,1116,1,-1108.00292968749,272,1,1
"709",1,452.5,297.5,90,1,1,1,1117,1,-1191.99999999999,272,1,1
"710",1,452.750061035156,297.249984741211,45,1.41421341896057,0.707106709480286,0.5,1118,1,-1204.00292968749,272,1,1
"711",1,452.5,298,0,1,0,0,1119,1,-1191.99999999999,272,1,1
"712",1,453,298.5,-90,1,0,0,1120,1,-1215.99999999999,272,1,1
"713",1,451.5,297,0,1,0,0,1121,1,-1143.99999999999,272,1,1
"714",1,453.75,295.75,-45,1.41421341896057,0.707106709480286,0.5,1122,1,-1251.99999999999,272,1,1
"715",1,455.5,293.5,90,1,1,1,1123,1,-1335.99999999999,272,1,1
"716",1,456.5,293,0,1,0,0,1124,1,-1383.99999999999,272,1,1
"717",1,456.250061035156,292.249969482422,-45,1.41421341896057,0.707106709480286,0.5,1125,1,-1372.00292968749,272,1,1
"718",1,456.5,292,0,1,0,0,1126,1,-1383.99999999999,272,1,1
"719",1,456.5,292,0,1,0,0,1127,1,-1383.99999999999,272,1,1
"720",1,456.5,291.5,90,1,1,1,1128,1,-1383.99999999999,272,1,1
"721",1,458.5,288,0,1,0,0,1129,1,-1479.99999999999,272,1,1
"722",1,459,287.5,-90,1,0,0,1130,1,-1503.99999999999,272,1,1
"723",1,459,286,0,0,0,0,1131,1,-1503.99999999999,272,1,1
"724",1,460.750030517578,283.75,-45,1.41421341896057,0.707106709480286,0.5,1132,1,-1588.00146484374,272,1,1
"725",1,461,282.5,-90,1,0,0,1133,1,-1599.99999999999,272,1,1
"726",1,461,282,0,0,0,0,1134,1,-1599.99999999999,272,1,1
"727",1,461.5,280,0,1,0,0,1135,1,-1623.99999999999,272,1,1
"728",1,462,277.5,-90,1,0,0,1136,1,-1647.99999999999,272,1,1
"729",1,462,275.5,-90,1,0,0,1137,1,-1647.99999999999,272,1,1
"730",1,462,275.5,-90,1,0,0,1138,1,-1647.99999999999,272,1,1
"731",1,462.250030517578,272.25,-45,1.41421341896057,0.707106709480286,0.5,1139,1,-1660.00146484374,272,1,1
"732",1,462,271.5,-90,1,0,0,1140,1,-1647.99999999999,272,2,0
"733",1,462,269,-90,2,0,0,1141,1,-1647.99999999999,272,2,0
"734",1,462,267.5,-90,1,0,0,1142,1,-1647.99999999999,272,2,0
"735",1,462,267.5,-90,1,0,0,1143,1,-1647.99999999999,272,2,0
"736",1,462,267.5,-90,1,0,0,1144,1,-1647.99999999999,272,2,0
"737",1,462,267.5,-90,1,0,0,1145,1,-1647.99999999999,272,2,0
"738",1,462,267.5,-90,1,0,0,1146,1,-1647.99999999999,272,2,0
"739",1,462,267.5,-90,1,0,0,1147,1,-1647.99999999999,272,2,0
"740",1,462,267.5,-90,1,0,0,1148,1,-1647.99999999999,272,2,0
"741",1,462,267.5,-90,1,0,0,1149,1,-1647.99999999999,272,2,0
"742",1,462.000061035156,267.999969482422,45,1.41421341896057,1.41421341896057,1,1150,1,-1648.00292968749,272,2,0
"743",1,461.750061035156,268.249969482422,45,1.41421341896057,0.707106709480286,0.5,1151,1,-1636.00292968749,272,2,0
"744",1,462,269.5,-90,1,0,0,1152,1,-1647.99999999999,272,2,0
"745",1,462.5,270.5,90,1,1,1,1153,1,-1671.99999999999,272,2,0
"746",1,462.000030517578,272,45,1.41421341896057,1.41421341896057,1,1154,1,-1648.00146484374,272,1,1
"747",1,462,273.5,-90,1,0,0,1155,1,-1647.99999999999,272,1,1
"748",1,462,275.5,-90,1,0,0,1156,1,-1647.99999999999,272,1,1
"749",1,462,277,-90,2,0,0,1157,1,-1647.99999999999,272,1,1
"750",1,462,279.5,-90,1,0,0,1158,1,-1647.99999999999,272,1,1
"751",1,461.5,280.5,90,1,1,1,1159,1,-1623.99999999999,272,1,1
"752",1,460.750061035156,282.749969482422,-45,1.41421341896057,0.707106709480286,0.5,1160,1,-1588.00292968749,272,1,1
"753",1,460.5,285,0,1,0,0,1161,1,-1575.99999999999,272,1,1
"754",1,459.750061035156,286.749954223633,-45,1.41421341896057,0.707106709480286,0.5,1162,1,-1540.00292968749,272,1,1
"755",1,459,289,0,0,0,0,1163,1,-1503.99999999999,272,1,1
"756",1,458,290.5,-90,1,0,0,1164,1,-1455.99999999999,272,1,1
"757",1,457.250061035156,292.249984741211,-45,1.41421341896057,0.707106709480286,0.5,1165,1,-1420.00292968749,272,1,1
"758",1,457,293,0,0,0,0,1166,1,-1407.99999999999,272,1,1
"759",1,456.5,293.5,90,1,1,1,1167,1,-1383.99999999999,272,1,1
"760",1,455,295.5,-90,1,0,0,1168,1,-1311.99999999999,272,1,1
"761",1,453.5,297,0,1,0,0,1169,1,-1239.99999999999,272,1,1
"762",1,453,298.5,-90,1,0,0,1170,1,-1215.99999999999,272,1,1
"763",1,451.5,300,0,1,0,0,1171,1,-1143.99999999999,272,1,1
"764",1,450,301.5,-90,1,0,0,1172,1,-1071.99999999999,272,1,1
"765",1,447.5,303.5,90,1,1,1,1173,1,-951.999999999989,272,1,1
"766",1,446,305.5,-90,1,0,0,1174,1,-879.999999999993,272,1,1
"767",1,446,305.5,-90,1,0,0,1175,1,-879.999999999993,272,1,1
"768",1,445.5,305.5,90,1,1,1,1176,1,-855.999999999993,272,1,1
"769",1,444.5,305.5,90,1,1,1,1177,1,-807.999999999993,272,1,1
"770",1,441,307.5,-90,1,0,0,1178,1,-639.999999999993,272,1,1
"771",1,439,309,0,0,0,0,1179,1,-543.999999999993,272,1,1
"772",1,436,311,0,0,0,0,1180,1,-399.999999999996,272,1,1
"773",1,435,311.5,-90,1,0,0,1181,1,-351.999999999996,272,1,1
"774",1,433.5,312,0,1,0,0,1182,1,-279.999999999996,272,1,1
"775",1,431.250061035156,312.249984741211,-45,1.41421341896057,0.707106709480286,0.5,1183,1,-172.002929687496,272,1,1
"776",1,431,312.5,-90,1,0,0,1184,1,-159.999999999996,272,1,1
"777",1,430.750030517578,312.750015258789,-45,1.41421341896057,0.707106709480286,0.5,1185,1,-148.001464843746,272,1,1
"778",1,429.250061035156,313.25,-45,1.41421341896057,0.707106709480286,0.5,1186,1,-76.0029296874964,272,1,1
"779",1,427.250061035156,313.25,-45,1.41421341896057,0.707106709480286,0.5,1187,1,19.9970703125036,272,1,1
"780",1,427.250061035156,313.25,-45,1.41421341896057,0.707106709480286,0.5,1188,1,19.9970703125036,272,1,1
"781",1,425,313.5,-90,1,0,0,1189,1,128,272,1,1
"782",1,423,314.5,-90,1,0,0,1190,1,224,272,1,1
"783",1,422.5,314.5,90,1,1,1,1191,1,248,272,1,1
"784",1,422,313.5,-90,1,0,0,1192,1,272,272,1,1
"785",1,415,313,0,0,0,0,1196,1,607.999999999996,272,3,0
"786",1,413,313,0,0,0,0,1197,1,703.999999999996,272,3,0
"787",1,411,312.5,-90,1,0,0,1198,1,799.999999999996,272,3,0
"788",1,409.5,312,0,1,0,0,1199,1,871.999999999996,272,3,0
"789",1,408.5,312,0,1,0,0,1200,1,919.999999999996,272,3,0
"790",1,408.5,312,0,1,0,0,1201,1,919.999999999996,272,3,0
"791",1,408.5,312,0,1,0,0,1202,1,919.999999999996,272,3,0
"792",1,407,312,0,0,0,0,1203,1,991.999999999996,272,3,0
"793",1,405,311,0,0,0,0,1204,1,1087.99999999999,272,3,0
"794",1,403,309.5,-90,1,0,0,1205,1,1183.99999999999,272,3,0
"795",1,401.000061035156,308.499984741211,45,2.12132024765015,0.707106709480286,1,1206,1,1279.99707031249,272,3,0
"796",1,400,308,0,2,0,0,1207,1,1327.99999999999,272,3,0
"797",1,398.750061035156,307.249984741211,45,1.41421341896057,0.707106709480286,0.5,1208,1,1387.99707031249,272,3,0
"798",1,396,305,0,0,0,0,1209,1,1519.99999999999,272,3,0
"799",1,394,302.5,-90,1,0,0,1210,1,1615.99999999999,272,3,0
"800",1,393.750061035156,302.249984741211,45,1.41421341896057,0.707106709480286,0.5,1211,1,1627.99707031249,272,3,0
"801",1,393.5,302.5,90,1,1,1,1212,1,1639.99999999999,272,3,0
"802",1,393.5,302.5,90,1,1,1,1213,1,1639.99999999999,272,3,0
"803",1,393.5,302.5,90,1,1,1,1214,1,1639.99999999999,272,3,0
"804",1,393.5,302.5,90,1,1,1,1215,1,1639.99999999999,272,3,0
"805",1,392.750030517578,302.250015258789,45,1.41421341896057,0.707106709480286,0.5,1216,1,1675.99853515624,272,3,0
"806",1,392,302,0,0,0,0,1217,1,1711.99999999999,272,3,0
"807",1,391,301.5,-90,1,0,0,1218,1,1759.99999999999,272,3,0
"808",1,392.5,302,0,1,0,0,1219,1,1687.99999999999,272,3,0
"809",1,393,303,0,0,0,0,1220,1,1663.99999999999,272,3,0
"810",1,394.5,304,0,1,0,0,1221,1,1591.99999999999,272,3,0
"811",1,395,305,0,0,0,0,1222,1,1567.99999999999,272,3,0
"812",1,396,306,0,0,0,0,1223,1,1519.99999999999,272,3,0
"813",1,397.250030517578,306.750015258789,45,1.41421341896057,0.707106709480286,0.5,1224,1,1459.99853515624,272,3,0
"814",1,399,307.5,-90,1,0,0,1225,1,1375.99999999999,272,3,0
"815",1,400.5,308.5,45,1.41421353816986,0,0,1226,1,1303.99999999999,272,3,0
"816",1,404,310,0,0,0,0,1228,1,1135.99999999999,272,3,0
"817",1,404.5,311,0,1,0,0,1229,1,1111.99999999999,272,3,0
"818",1,409.5,312,0,1,0,0,1231,1,871.999999999996,272,3,0
"819",1,415.5,315,0,1,0,0,1234,1,583.999999999996,272,3,0
"820",1,416.5,315,0,1,0,0,1235,1,535.999999999996,272,3,0
"821",1,418,314.5,-90,1,0,0,1236,1,464,272,3,0
"822",1,422,313.5,-90,1,0,0,1237,1,272,272,1,1
"823",1,425,313.5,-90,1,0,0,1238,1,128,272,1,1
"824",1,426.750030517578,312.750015258789,-45,1.41421341896057,0.707106709480286,0.5,1239,1,43.9985351562536,272,1,1
"825",1,428.5,312,0,1,0,0,1240,1,-39.9999999999964,272,1,1
"826",1,431,311,0,0,0,0,1241,1,-159.999999999996,272,1,1
"827",1,436,310,0,0,0,0,1243,1,-399.999999999996,272,1,1
"828",1,436.5,310,0,1,0,0,1244,1,-423.999999999996,272,1,1
"829",1,437,309.5,-90,1,0,0,1246,1,-447.999999999993,272,1,1
"830",1,439,307,0,0,0,0,1247,1,-543.999999999993,272,1,1
"831",1,441.25,304.25,-45,1.41421341896057,0.707106709480286,0.5,1248,1,-651.999999999993,272,1,1
"832",1,444.75,303.75,-45,1.41421341896057,0.707106709480286,0.5,1249,1,-819.999999999993,272,1,1
"833",1,449,301,0,0,0,0,1250,1,-1023.99999999999,272,1,1
"834",1,449.5,301,0,1,0,0,1251,1,-1047.99999999999,272,1,1
"835",1,449.5,301,0,1,0,0,1252,1,-1047.99999999999,272,1,1
"836",1,449.5,301,0,1,0,0,1253,1,-1047.99999999999,272,1,1
"837",1,449.5,301,0,1,0,0,1254,1,-1047.99999999999,272,1,1
"838",1,448.5,300,0,1,0,0,1255,1,-999.999999999989,272,1,1
"839",1,449.750061035156,296.749984741211,-45,1.41421341896057,0.707106709480286,0.5,1256,1,-1060.00292968749,272,1,1
"840",1,450.5,295.5,90,1,1,1,1257,1,-1095.99999999999,272,1,1
"841",1,452.750061035156,293.749969482422,-45,1.41421341896057,0.707106709480286,0.5,1258,1,-1204.00292968749,272,1,1
"842",1,455.5,293,0,1,0,0,1259,1,-1335.99999999999,272,1,1
"843",1,455.5,293,0,1,0,0,1260,1,-1335.99999999999,272,1,1
"844",1,455.5,293,0,1,0,0,1261,1,-1335.99999999999,272,1,1
"845",1,455.5,293,0,1,0,0,1262,1,-1335.99999999999,272,1,1
"846",1,455.5,293,0,1,0,0,1263,1,-1335.99999999999,272,1,1
"847",1,455.5,293,0,1,0,0,1264,1,-1335.99999999999,272,1,1
"848",1,455.5,293,0,1,0,0,1265,1,-1335.99999999999,272,1,1
"849",1,455.5,293,0,1,0,0,1266,1,-1335.99999999999,272,1,1
"850",1,456.5,291.5,90,1,1,1,1267,1,-1383.99999999999,272,1,1
"851",1,457.5,290.5,90,1,1,1,1268,1,-1431.99999999999,272,1,1
"852",1,457.750061035156,289.749969482422,-45,1.41421341896057,0.707106709480286,0.5,1269,1,-1444.00292968749,272,1,1
"853",1,458,289,0,0,0,0,1270,1,-1455.99999999999,272,1,1
"854",1,458,288.5,-90,1,0,0,1271,1,-1455.99999999999,272,1,1
"855",1,458,287.5,-90,1,0,0,1272,1,-1455.99999999999,272,1,1
"856",1,459.5,285,0,1,0,0,1273,1,-1527.99999999999,272,1,1
"857",1,459.250061035156,285.249969482422,-45,1.41421341896057,0.707106709480286,0.5,1274,1,-1516.00292968749,272,1,1
"858",1,458.5,286.5,90,1,1,1,1275,1,-1479.99999999999,272,1,1
"859",1,458.25,287.749984741211,45,1.41421341896057,0.707106709480286,0.5,1276,1,-1467.99999999999,272,1,1
"860",1,458,287.5,-90,1,0,0,1277,1,-1455.99999999999,272,1,1
"861",1,457.5,290.5,90,1,1,1,1278,1,-1431.99999999999,272,1,1
"862",1,456.75,292.25,45,1.41421341896057,0.707106709480286,0.5,1279,1,-1395.99999999999,272,1,1
"863",1,456.5,293.5,90,1,1,1,1280,1,-1383.99999999999,272,1,1
"864",1,456,294,0,0,0,0,1281,1,-1359.99999999999,272,1,1
"865",1,454.5,295.5,90,1,1,1,1282,1,-1287.99999999999,272,1,1
"866",1,452.750061035156,298.249984741211,45,1.41421341896057,0.707106709480286,0.5,1283,1,-1204.00292968749,272,1,1
"867",1,450.250061035156,301.249984741211,-45,1.41421341896057,0.707106709480286,0.5,1284,1,-1084.00292968749,272,1,1
"868",1,450.000061035156,301.999984741211,45,1.41421341896057,1.41421341896057,1,1285,1,-1072.00292968749,272,1,1
"869",1,447.750061035156,303.749984741211,-45,1.41421341896057,0.707106709480286,0.5,1286,1,-964.002929687489,272,1,1
"870",1,446.750061035156,304.749984741211,-45,1.41421341896057,0.707106709480286,0.5,1287,1,-916.002929687489,272,1,1
"871",1,446.750061035156,304.749984741211,-45,1.41421341896057,0.707106709480286,0.5,1288,1,-916.002929687489,272,1,1
"872",1,446.750061035156,304.749984741211,-45,1.41421341896057,0.707106709480286,0.5,1289,1,-916.002929687489,272,1,1
"873",1,446.750061035156,304.749984741211,-45,1.41421341896057,0.707106709480286,0.5,1290,1,-916.002929687489,272,1,1
